month,ratio_quantity.08N,ratio_quantity.08P,ratio_quantity.08Q,ratio_quantity.08R,ratio_quantity.08T,ratio_quantity.08V,ratio_quantity.08W,ratio_quantity.08X,ratio_quantity.08Y,ratio_quantity.09A,ratio_quantity.09C,ratio_quantity.09D,ratio_quantity.09E,ratio_quantity.09F,ratio_quantity.09G,ratio_quantity.09H,ratio_quantity.09J,ratio_quantity.09L,ratio_quantity.09N,ratio_quantity.09P,ratio_quantity.09W,ratio_quantity.09X,ratio_quantity.09Y,ratio_quantity.10A,ratio_quantity.10C,ratio_quantity.10D,ratio_quantity.10E,ratio_quantity.10J,ratio_quantity.10K,ratio_quantity.10L,ratio_quantity.10Q,ratio_quantity.10R,ratio_quantity.10V,ratio_quantity.10X,ratio_quantity.11A,ratio_quantity.11E,ratio_quantity.11J,ratio_quantity.11M,ratio_quantity.11N,ratio_quantity.11X,ratio_quantity.12D,ratio_quantity.12F,ratio_quantity.13T,ratio_quantity.14L,ratio_quantity.14Y,ratio_quantity.15A,ratio_quantity.15C,ratio_quantity.15D,ratio_quantity.15E,ratio_quantity.15F,ratio_quantity.15M,ratio_quantity.15N,ratio_quantity.99A,ratio_quantity.99C,ratio_quantity.99D,ratio_quantity.99E,ratio_quantity.99F,ratio_quantity.99G,ratio_quantity.99H,ratio_quantity.99J,ratio_quantity.99K,ratio_quantity.99M,ratio_quantity.99N
1414800000,13273.795759000075,10533.906508109778,12533.905350399686,11601.788015122704,16167.508257660244,13523.19312522066,15012.547898945699,9019.424018096932,13046.598630016018,13946.793140291189,35781.427997763836,28270.829009989448,37925.51289066271,39182.868622825124,31961.161584766724,24558.196848439726,31385.22552474158,24239.561879654357,19248.062734383126,48683.39358972972,34850.570162602184,21984.070759697435,17528.935394604538,45586.353531554356,25276.913708186883,37810.09271645371,55643.03532769482,29744.328815599853,34598.26814226578,42815.81705338879,22406.265950738056,29072.577845092266,32440.81047921135,29262.679045584002,27935.469527266603,21383.152493399088,30030.80763068937,30466.80468292064,43854.054502794745,30161.346535505498,33569.24866989302,39175.26856147622,36626.78963919726,37393.031989038325,19696.397694793322,17921.364571472677,29964.672751431495,16849.384353319427,27228.576770558084,32732.349583606258,31972.888486200976,35637.31351667194,40116.01482107816,42735.461049321326,42116.717190479714,30379.39580773616,29146.00748033661,29296.140644938037,16787.117047863405,30482.77957236052,29798.295485096696,28134.737564074796,28725.325856062536
1417392000,14717.101634966502,10684.338514446901,13589.384074673466,13239.240641563483,18187.29031915459,15299.457037770839,15666.82488366561,9964.28579852159,15615.503525879576,15164.955021935117,39771.486500318904,32529.284561033055,41490.77693428911,43804.45496482286,37563.10420334551,28594.816675972448,30936.01629537713,24975.46359324477,22498.567803165668,56584.81484688742,38706.681921822994,25374.32429508593,19416.514416617953,56334.52351730146,29966.124293543875,41417.10134231284,62511.27367651666,34086.81262654821,39357.37940356508,46370.36568164184,25622.987261982198,32730.79668532051,37523.660495617805,32010.468357102385,32201.661335316072,24135.373387136944,34485.18552918359,34680.756491294786,50399.95950388709,34584.15560061457,39815.58032884353,44180.43121180727,42426.942650516365,43075.86664430974,22442.73195722422,19785.492869135607,34263.80949915127,19878.65869479385,31803.639206519958,38662.41985708415,37023.75915637531,40827.8399593499,46842.42114835439,48699.267001179265,49690.95654704411,35069.745237073104,34253.708376876966,32015.662348335747,18561.343889038653,34413.42031561258,35105.87516952545,32953.296693379525,32227.288909060404
1420070400,14047.804182860138,10748.214473369955,12793.682776826992,12949.26627441621,17111.01068427052,13872.39946216844,15827.787881733446,9724.19682059852,13239.133623539099,13719.010795858387,38246.119462025315,31944.42770383772,41876.51833615904,41481.52589812668,34416.228385932125,26376.900259547638,29312.14824057122,25506.04457946555,20089.244458460977,50913.60381474922,37792.93759197577,23074.25839264032,17898.379483943456,52596.51742439416,29551.081268318678,38759.69197793773,58026.018675662264,30489.23060808103,35637.42561294929,43788.83078441044,23247.02348409718,30352.313939981523,34715.20622224752,29958.05474385056,29861.86151890967,22321.25559116509,31364.54063146503,32260.826632347518,47989.73082908756,31868.80404811902,36252.04555463023,40114.1403235927,38790.45662912467,39661.68856395177,20208.75877636164,18867.452786548558,31707.323991293775,18042.921967531198,29673.55681858715,35536.77075599423,33730.89053794339,38351.687458292785,42775.69939594693,44822.72775622141,44942.05202062034,32627.077435901214,29894.319836077273,29821.2303132572,18654.194093275964,31786.13001215067,32897.337055511234,30080.788602642922,30020.404953852634
1422748800,13196.015049443868,9414.356341055649,11884.595714669313,12462.920445366424,15652.5666109918,13540.474201741166,14099.67058050633,8921.964666812137,13184.398904036685,13029.087346562423,36576.303797468354,29234.470409613667,35682.48164061592,39002.350801421475,30881.98712332111,23790.20284884439,26545.48169051312,23270.67375527426,18551.035772211213,46914.03637620426,34775.741160892845,20766.581368316893,16526.076741476314,47699.2285199279,26510.06341593392,36049.68911390535,54350.72935654868,29280.597469668817,32975.228120288826,40484.86221721053,22130.4116108478,27823.63696230781,33392.24021784508,28310.517329387836,27895.86755189389,20617.161496128912,28882.373551930148,30341.613011348734,44479.88322506794,29654.70762686747,33697.16591599776,36879.48695931523,36415.28689982217,37584.812198181666,19103.079286390846,16917.719780799835,29027.43003523112,17224.503187817347,27154.464290951753,33152.35065611097,31834.939360219032,34985.560532322306,39780.716265450494,42187.8591678267,41957.03230272837,29656.54195522508,29456.775161093614,27863.13495154032,15967.384003564523,29278.9608866204,30678.716324805646,28280.84741026518,28629.915199847608
1425168000,13843.870537226254,10190.235872940055,13172.105622434092,13262.7920307681,16824.69005010737,14969.88856293037,15288.792229078615,9437.595970132574,14060.808002694173,13282.34031926542,38415.04351265822,32327.315673859677,43833.15493415705,41884.92017233968,34525.454156101216,27332.582499073036,29546.57442929828,24769.800618846693,20107.88790773112,53801.470492936474,37266.608012568744,24161.838278822757,17746.72783179312,50151.0644902864,28538.984279243272,40877.96265671339,60083.410787744164,31093.278864721095,38372.857553757036,44660.14377334557,23872.655453260777,30927.555266936775,36888.50739117234,30259.79914925097,30340.638649078974,22275.080864469674,32239.353934627707,33742.21263759026,48910.51126043986,32668.042744515482,38098.987403586645,41632.39427993262,40394.41355463348,40535.46987549573,21225.571019444305,18612.05781356469,31741.016887638783,18713.821316044192,29518.639754580792,35912.6046962366,34792.7686103153,39304.28764276093,43127.63864592268,47971.8659384264,46096.803785340766,32572.583315471653,30496.779995275683,31723.156044479052,17620.16485891562,32368.45383797149,32583.93769121795,31533.377652382413,29726.6966034392
1427846400,13967.054576696763,10164.673524968002,13120.285037173813,12416.469839525678,16281.7399487193,13608.363169536246,14587.626295823009,9417.388376002717,13541.704220764495,14050.664866592575,37958.98780844786,31031.864244339464,39142.86376059666,41468.53275287396,34283.582419338745,26387.856818164313,29094.726132706448,23950.707632251986,20556.781335242456,52512.41212677501,38928.13030322712,22712.101130910545,17451.01866116927,54613.399453354265,27946.053064997715,39100.334964835136,58305.387813569985,31392.326323251407,36847.08425572377,41163.557709921515,23300.809607374675,31405.135590511643,35176.8077338334,28143.188463627394,29216.81765248947,22363.552729032326,31812.39299195851,32915.813863143594,48244.29212758793,31996.88537621748,36682.24865711242,41111.09307830073,39588.60556872484,39834.035798183206,20560.337504495456,18164.43662770035,31460.36736259116,18093.576649918148,29651.800041013492,36666.0289862591,34398.09197134514,38123.5000464507,43312.72264228857,47101.31626414083,45855.92664807366,32023.858757686223,31116.630330480166,30209.9078864763,17600.5609569696,32001.3539063714,33151.18373171601,31580.7607893932,30229.109090194925
1430438400,13799.66665889648,9754.170277058694,12443.239046971963,12221.57452555915,16333.688879490355,13573.468869295413,15174.07659994729,9493.168435093516,13422.854468765845,13480.443562429342,37492.69614474798,31427.812555650176,40563.967202482985,41420.17000413368,32985.68318849266,26864.610572218837,30015.386605424286,23016.269170368378,19381.463927428926,49836.070406565515,37189.50383435844,22608.650193802627,16731.88653920885,50024.98643434222,28574.729840294967,39416.13435463504,59434.02110264831,30816.12712665406,36258.72841358749,44098.70820240395,23515.2318328858,29893.38736558527,35470.529558283124,31440.73576519358,30894.70425316039,21844.162626033198,31468.124039524035,32174.809872511396,47784.250007653245,32301.705952440738,37137.71002326947,40076.60301851245,39182.97289455661,38529.62965078956,20542.71967761867,18108.756490918004,30950.621643878723,18735.31435668719,28788.813752029873,34727.041052862405,33984.683209056915,37899.57920695918,41237.716863220856,46278.951336151484,43586.09941506034,31747.286718951364,30714.24864698883,29911.33494252377,17410.351154676864,31526.094993511426,32796.10346057796,30603.595265079963,30286.414840020745
1433116800,13568.13318991785,9900.057451906885,13253.569303889028,12622.496989675621,17169.40868599825,14282.18736345068,15153.344232649242,9874.3936352419,14216.941275423744,13431.002619012408,38171.642655400756,31953.133667261365,41794.29638208182,44207.035523486105,35383.823953650994,26932.386954612342,29904.15678771848,24372.290281329933,20906.857005627702,51770.41520436261,37886.64305764016,23892.449328912593,18354.60151747745,53692.79583182603,29751.872788515688,39786.378711205754,58936.98637411781,31855.084884397256,38386.62100524462,48758.01147011991,23261.024166437615,32146.381041528726,36601.00342841989,30333.56373565066,30666.616100401287,22778.4336825889,33031.82516942063,33463.39720134612,49854.90285763675,33292.26184494797,38095.186394972065,42253.34679294299,40450.99684003389,40707.502696962256,20873.489667382863,19055.82802309163,32178.360028087845,18669.43058770395,29367.44603914965,37076.938049299264,34600.23600399161,39018.10658333682,43687.292847588724,47889.555448667554,45624.640953180155,32948.017600058905,32338.422994884055,30868.631502608627,18190.410034889523,32564.915900567386,34094.79724105125,31438.25085001889,30162.048627405584
1435708800,14916.527730777098,10504.149735904091,13534.322023243443,12772.400268232268,17744.50798565584,15234.820711938595,15939.54128964024,10224.446636691398,14158.591540041074,14113.837053305006,39318.46658104776,33574.74308236548,41718.29165141908,45462.450300026074,36262.2885637556,28367.482463814827,31568.21775768994,25381.04540217671,21293.92895123882,54028.33873939892,39617.09190055041,24367.38560519511,18552.764193243504,54252.21049891888,29802.197953519906,41268.88745980706,63391.88974176142,32951.79413109722,38015.81056772357,45410.916878663076,25050.55179426308,32320.549510312452,37888.44419870703,31706.739095855843,32297.28560482382,23709.864956210677,33259.79655328313,35283.90264137018,50939.94092349684,34231.91782512133,39156.04492391078,43979.996884725864,41434.34398443575,41785.15563435111,22096.407715432328,19443.399212214885,33407.81413812826,19550.266132581102,30812.19381453388,38469.5659887908,36238.24976360987,40248.590052792526,46906.343708430955,50020.94118408222,46296.52904145968,33498.38211334379,32502.950113134368,32261.480392262863,18510.706478679,33969.28515380607,34798.06245252565,32924.66056650744,32111.586289966617
1438387200,12978.788577325533,9860.22653240392,12404.059768855075,11308.365379790434,15916.417328846832,13065.848831386222,14622.236808971405,9102.209627719785,13136.534702258728,13550.112148194123,37098.3729780411,30366.229214789917,39085.8886145608,40793.054004696045,31885.01887048061,27198.87722368037,28108.171943574256,23733.88351360722,20023.7637741826,51038.867096996684,35681.43662730264,22530.479139644554,17092.951458337913,52432.186574037005,28205.63099802978,37603.339274230595,56976.3429945612,28315.828424469913,36257.80867004033,43869.872380497254,22591.427534723596,29418.16016415844,35737.62768893426,28322.61780840666,29017.272245791642,22019.886665844322,31338.593407968812,32017.674199994628,47851.63325881437,31724.579415688244,35672.715586130216,39625.76745077717,37503.377058496226,37732.94338516087,20297.490665333837,18344.93322619865,30069.542225138455,17458.62149506348,28240.016849937678,34818.475705352284,33311.699218749985,37209.49880845492,41497.75376892378,44505.845545249926,44466.40578124231,31331.55411058432,30046.893976942138,29010.57682535222,17270.455659023177,30380.785299231862,31423.297925370305,30684.66482764807,28979.06214808123
1441065600,13906.51955544983,11120.354718465605,13235.029965022002,12606.170847531852,17189.607431162225,14664.506314699092,15666.546980710797,9938.633662432398,13593.127556468167,15279.89916688549,38621.66499893633,32538.032015765577,42691.04423270228,44837.43386381423,36364.00531529163,27854.607757363658,30072.945859197687,23848.766367266577,20946.272926801677,52382.67454766857,38147.51106794131,25319.138441980114,17952.23366375804,54321.631196444294,29913.12734360104,39236.33807992649,60342.824266319934,33578.637501754514,37271.04501067446,46567.06910849063,24457.42447724755,31708.286984776958,37332.94393406676,31298.818509024055,30788.01975826341,23166.908745528555,32802.365626827916,33877.232546878935,50615.103868702936,32830.3142222588,38698.00743520257,42555.505018886375,40228.26034624963,41875.71480573931,21135.046434451535,18917.682477342547,31928.229638049732,18678.876795486613,30313.085630041674,36722.40123534708,35150.50550672742,40228.41948125595,45376.25914518274,47531.25649877302,45400.01094280233,32941.881577595435,33489.56631828466,31669.9744834521,18078.50887283648,32560.62813476262,33875.93287124952,31877.271075825884,30953.43879036881
1443657600,14844.651564816724,10804.710323493946,13257.221242619642,12490.263149544191,17614.91419689554,14665.022485351476,15953.495343549637,10101.164610684156,14347.466572749572,14874.067134458564,38977.64894699758,33300.17043680871,46605.44554909898,44537.770640389994,35637.956161231436,30498.192215601346,30320.9069217018,25569.867413798882,21613.39839447358,54398.472588857054,38890.84518350184,24783.561804184927,17951.403279568563,53817.17499800366,29458.40891094335,40508.03002563164,61811.518230598456,31528.2103205241,38174.77675051254,45374.40616036298,24162.182214483495,32229.09035970704,38096.02549416151,30900.59926728731,31342.42646245866,23763.239006674525,33631.50625457279,34731.38963304065,51218.117481674155,33562.08166617377,38164.69314298073,42874.747675962826,41224.879648733026,41489.95438203181,21505.219003221035,19591.31292718035,33151.34372347302,19203.263900153182,30330.93485671152,36598.681418476895,35886.52263543521,39563.16066446389,44460.357187156114,47649.53047201981,47767.408151760974,32998.950619090836,34126.58984662889,31215.780183953695,18790.92985231893,32825.547214174745,34907.06381616769,32348.648274321462,31735.675586654397
1446336000,13303.335084208215,10012.692382854391,12664.606045090164,11494.747435368567,16512.436514104473,14872.934211284357,14597.647829284753,9388.498263798374,13654.130727680016,14907.614147544096,38736.94276990527,31024.729235254963,39894.23898175944,41743.21151267581,33262.72076489724,25460.65492472085,28070.00555990996,23251.37345820265,19456.458368273856,49606.765555023914,35319.44503109395,22837.900614325135,16278.419321353345,49941.52918629721,27828.229953016937,36314.928139875505,58758.39915928373,31963.273599089778,35858.16856568365,44647.53522361471,22350.232627306203,30278.99213479093,36372.07097634907,28961.199735146565,28861.578467533658,22213.8146839419,31623.080999512244,32617.69233793664,48187.079442045004,32390.80686364978,35809.78230586199,40815.241735759664,38709.28051788763,38512.454685099845,20891.545405658377,18414.620783009068,30865.89114104966,17535.372127602044,28568.592481924297,35083.63831694546,33618.962909412825,37335.02434233687,41610.2169662915,45980.57377011356,42958.339195117755,30748.5174750461,31526.991699347458,28481.342408670862,18588.88715660271,31529.464038291964,32699.07894190932,30412.838065452925,29515.194240812914
1448928000,13812.55403886942,11446.542804440356,13476.66864009472,13106.979514680615,18771.59675691571,15231.037918402066,15808.805644833566,10144.967622185843,14530.263036115766,14534.432391428032,41707.37571439756,33277.41081514238,43990.52197222146,45648.382134356136,37728.416051733715,30436.196756371402,31377.665069479564,27048.216638574802,21863.84936517794,55852.27391250585,42250.94547334901,24514.02549577492,18550.106954361567,56613.89313662858,33289.626775062025,43144.90479677772,64162.78048814436,35990.97687837784,39340.323884245394,48962.346324050224,25412.11401809915,34025.55381174008,39711.97348758055,33032.82610989235,33347.73747791019,24563.30207106399,34988.832107145754,35713.81590225321,54104.48369182245,35541.99193350124,40806.68994159636,44843.02489740737,43557.87460740114,44145.06487316813,22605.91918950913,20476.449863206963,34925.37780605026,20136.435928629347,31769.378203792457,39496.285485913286,37837.3405767757,42599.68143673138,47394.5871438613,50336.03233859543,49601.89014975122,34238.86368293184,34671.988982672454,36158.17363330166,19532.29257432774,33453.53424024856,36339.49407002174,34301.92605830449,33271.65593097868
1451606400,13752.760356841392,9835.79177540417,12432.694525412731,11719.422332380507,17468.024121657058,13984.639717388536,14865.821484016371,8892.721222213277,13256.580085692613,14907.301740767425,36499.130841121485,30663.595355340763,41460.06753041368,41480.709004818076,32485.52971729673,27914.316600647067,26916.206141784976,23266.539163959907,21149.315439269198,50628.07391117786,36759.84364803151,23226.589673218212,17097.855471686762,49777.25453903143,27585.670799144715,36630.48248970519,57143.15298585608,30766.674101711407,36561.9515989288,44172.264441267995,22380.78083749843,28796.66502020657,36254.96856780373,28907.52188298665,29363.91832949325,22103.434818764366,31234.308846185537,32566.837756406843,47200.032171524465,30935.264505392537,35113.45090166487,40871.373344583895,38786.42019514818,38160.47009146631,20949.82609539752,17836.811429221918,30727.048018903457,17671.60769210076,28046.810278022655,33702.00385262037,32872.211054500505,36350.96729952428,41719.25966104074,45167.04069260876,41926.79353939453,30467.16591924974,34675.5412219239,29439.51150526548,16946.189801465804,31194.820657717522,31015.315651849072,31123.624022099542,30181.786804127976
1454284800,12850.94761581621,10048.821166616754,12269.009902880494,11352.633878496223,16837.9350812795,14778.338717368388,14446.875753276023,9138.605656451251,12639.92299965149,13732.108917656362,36735.110591900295,30099.082139051818,38251.94670277983,40734.50635487623,32902.72163169002,25407.23435798837,28015.34953857753,23972.097343012665,20311.95579113567,48210.01877279555,36014.89710201519,22688.286057651334,17163.726198319775,50066.43390602998,29349.94470133455,35976.80642104879,56020.49601373898,29555.99368246501,35083.31108223061,42740.64116146754,22201.922721724055,29812.02020655591,35810.28353123974,28233.72390874667,28697.52717036909,21665.126449151292,30913.27031807723,31950.50063934803,47366.604995671274,31762.11227388943,34977.227337233046,39953.995439938255,38473.215351862185,39860.15543160502,19756.698395022602,18399.820061851366,30625.003052418502,17059.536572899193,27865.15041776191,34518.96718972232,33286.8924849467,36418.57216926342,41616.59940325719,43953.33004485546,43540.617511126315,30638.612033960864,28749.109423089514,30471.473202960096,16830.11312254557,31094.515487842407,30132.820439843228,30668.28991819776,29303.49414790865
1456790400,14010.222744500901,10662.548094063288,12622.575576289099,12318.076582118176,18081.440062926064,14176.43337340579,15051.268575244152,9506.943453672127,14112.196724000083,13545.189299742027,41978.72741433023,31591.610432245125,42350.03294720721,42247.70103007145,34388.57448821642,29263.176507833552,28953.413603018973,25430.570564212856,20792.948235028758,53060.31699206179,38100.91655773049,23096.021086545195,17153.750557024243,48101.625443454286,28527.548215169743,38407.27925367152,60996.63450663909,32122.88155297807,37778.16413634215,45950.919728691966,23273.774186783845,30835.431971261794,37496.875786992794,28755.901202568755,30167.969558318473,22416.477473951963,32544.84820166235,33583.57284011902,50386.384141540475,32904.88873598534,37850.56496832925,42710.03243508495,41482.79878411886,41736.355908002195,20935.383679890983,18879.460678847205,31964.91945206268,17930.440650304437,29577.80621390473,36683.86900157396,35398.10766944571,38165.50612020645,44492.30632150107,47117.50699569884,44627.6799775028,34044.87315841218,35676.55949184729,31763.88064535281,18021.91551975268,31644.68206409613,33475.58360163887,31793.560784908754,31428.631220106818
1459468800,13776.625091227079,10473.698840091583,12731.28397286914,12555.565302495916,17374.650575593572,16737.901707610738,15361.200987294389,9611.948927720003,13325.365387073238,13994.639047417739,38495.13073163163,32188.097562859435,40896.6652137986,43495.51209416634,36050.66992270853,29609.128164909776,29379.272293994145,25777.02082221036,21453.97236265588,56067.66150500543,39219.89056050492,24375.734989823963,17498.024735117215,54094.654823543424,29081.954398077705,41010.52031180684,62747.630196921324,31662.53820705527,39639.99261901833,48475.77246565561,23733.040546857246,31295.078623682137,40196.217745618196,31217.613292286318,31290.46576481326,24651.594040858756,33065.59532614643,34776.8611560554,50514.90416213707,34421.64330016223,38571.71911343662,42197.45027070682,41116.63318687954,40800.08459970256,20961.861522658568,19260.347546259047,33346.81706418887,18742.755144897106,30300.529009895028,36530.635598312765,35685.70597067172,38735.1119233213,44609.67285897204,48162.603735156816,47034.316198930595,32743.11182080672,35346.66917104933,33770.98490155295,18588.916950375882,33783.66110000374,33559.61944266421,32520.50020938583,32265.400482850924
1462060800,13136.430407711076,10476.635603322677,12171.255197710632,11659.901408069567,16681.556018666764,13983.934023828057,14710.74275680422,9712.961064884967,13445.867137220628,13397.091054275583,36350.63154627978,31109.39217913771,40823.381641196065,41731.91669900402,33284.255457031315,27310.53521863154,27154.161571115495,24283.272045737678,20334.23840017975,50830.945864154215,36728.969568912675,22447.43925185993,17168.3848012084,51679.2220635204,28036.19823090564,38494.755235258446,60357.10871364676,30325.15507569491,36015.72690367819,46427.66710078562,22700.857122525224,30383.873180090366,37462.563496584466,28757.83815852781,30215.514698041774,22469.070919273054,31991.39974974165,33387.006429518246,49520.28200689271,32588.564992491232,36059.31545595121,42801.160599443625,40294.78007579225,40385.85753633323,20667.03276417325,18158.1536888931,31107.425927458196,17932.80849276631,29342.22172409025,35764.627418950215,33992.78780813081,37693.37778597783,43247.29254222602,44960.11132665802,41329.73649072961,30978.879750342694,33313.96008231797,31322.382666422393,17696.587184143482,31335.479232493373,32712.969094922744,30962.32008411073,30136.301825275816
1464739200,12762.861538663848,10845.00624420519,12137.1604294139,12867.835848494964,17641.44966640245,15025.70163709779,14955.869730150587,9946.135292931278,14350.089754319712,14209.022100096288,40167.56691752658,32049.980787364064,41862.31024181171,42379.574181865224,36219.390242938665,29654.312273660416,29003.286592187324,25942.17198344901,21978.574991573973,53200.37547469963,38030.16961090061,24618.264593787295,17667.20295774417,49512.76131246405,29323.9749011049,40924.33704833731,61723.23282068405,31802.699575676947,38727.05818673884,47588.14505174419,23256.87273346292,31616.216022376822,37588.611808128495,30289.873639353034,31926.156857429454,24117.312648954012,33683.712904516826,34164.66063810888,51194.25670277897,34151.24471457835,39068.5086780815,43331.09921928748,41273.02730664691,41779.29611865626,21186.13234342614,19633.807126969856,33065.937560971615,18540.057100985647,29914.23071545897,36459.44441008827,35209.17938822722,39546.37249557329,44514.24859764784,47869.36259037227,47358.021668485584,34495.14502581154,36161.27658184432,33391.41651668804,18252.748227710017,32680.539441775425,34004.1601390966,32607.15885702065,31369.458685627626
1467331200,13552.233431042878,10321.52839168748,12558.194139736046,11998.146175729058,17488.325685793363,14255.942431611149,15250.433611386457,9641.355882466501,13923.31798305661,14152.92908725892,37889.46139440973,31818.843523435815,41287.8101464079,43268.233404932056,32855.15524157008,28209.39195653006,28869.684726398296,24903.536526554428,20650.9257466098,51889.775519798284,38620.512306511766,22318.587594016735,17867.375839874756,54045.060580166835,29562.582132204167,40133.348357146075,60205.36566776372,30887.577943229415,37315.24277419766,47864.105986178736,22439.676211542726,30852.604627157052,37864.94587962257,30386.588816528194,30744.388931341735,22572.89269772175,32852.596285311374,33396.88739751596,48886.310289973575,32900.13682885255,37825.14449777544,43076.738833195006,41371.74449232785,39931.43152174446,20994.327633339162,18776.957283171145,31701.77094296448,18256.20702436176,29554.78718794569,35628.1537758163,35170.94269504011,37970.698208118534,42939.61555857954,46898.34080738114,44266.04373177842,33244.76858793076,32495.29698049462,31934.858694483286,18470.214882008815,33252.13738222852,31792.18044400779,32553.273964032323,31187.797291080784
1470009600,12998.856242790245,10743.382027237176,12480.507335559763,11708.429619842434,17527.42493289872,15003.303055598637,15135.368357269166,9566.858926342073,14216.184750952129,14497.632277523522,36176.24864173366,32486.31801339558,40646.21109976166,41605.820149531166,36183.46953088676,28458.81988290667,29186.79898021013,25901.032022749067,21690.99024036535,50905.52866636749,38024.592673222476,22735.74410546777,17798.812270325514,50380.483653480456,26470.43344944828,40285.728579798975,60621.92676251516,29635.100314994448,38984.51918782425,48184.10416943254,23256.53448148577,32472.835311805753,38980.74446431289,29815.551531044675,31130.93961763605,24992.75021915904,33608.58459865046,33905.09861642626,49384.98199081716,34087.58641543063,38328.44289565389,42929.30873581198,41764.12765642413,41006.13818355308,20688.06636421799,18827.520247561508,32480.072918184313,18566.950411645124,29671.2234021871,36773.2254806369,35894.59761560683,39226.215935065164,43594.44159514848,47121.60758719339,45522.90172497571,31663.478314534535,34289.6448183897,32496.18367566405,17716.038191020834,32335.076418293524,32895.977178165376,31681.203359823216,31774.790149309014
1472688000,13340.119016107368,10559.749210687525,12693.126890547344,12700.180483836899,17908.543444479907,14899.82711006556,15545.01496744704,9828.885594038382,14784.014636696287,14734.510994186543,40775.703793898014,31800.725904330113,44309.72752241517,44050.623218637695,35607.201691896706,29853.61190831516,28606.135049750956,25181.501416273575,21850.821709895197,51082.82421950125,38327.69511086172,23546.915828614907,17847.189490965233,53174.760321842936,29677.477524457143,41337.510614323684,62238.24645764768,31472.855532090063,37587.44337395521,47361.216660960206,23070.13872270364,32600.909050108836,38370.8929386699,30762.094419854686,31774.670171429407,24490.584373708978,33441.47698398144,33906.73532340801,50000.586366933334,33473.41605307646,40569.3484559581,44514.769260163695,42167.84002618434,42516.554152417906,21190.057181701857,19344.240888833472,31854.92266515607,18393.161367133536,29825.460466252014,36871.26334843317,36251.049831948716,39372.238967582634,43898.789525893095,48173.29074275937,46763.056608357634,34116.12377069713,33859.93834972815,32987.058931067855,18406.917504765664,33880.13132674484,35241.49537467226,31656.24509138346,31788.764167497553
1475280000,13272.850783731847,10430.614390300241,12181.033803100716,11801.657975184324,17210.52931907297,14138.38664536825,15038.76052821413,9197.52956602155,14220.867705088263,14392.49146757679,37489.34148258906,30670.189940689696,39168.36596204386,40258.46145503561,33848.360717754935,27128.284034539774,27984.700397233843,24664.446537604857,20832.939697586822,51154.95157145682,36896.38684983753,22710.34886473144,17298.02482493149,48538.532127313774,26924.6930323294,39822.923354373306,60933.83227433672,28964.992002723997,37738.802591062886,46888.466889940784,22463.4267596844,31509.8544409003,37323.54225762214,29976.106765641878,30769.57262181812,23307.017261961733,32527.11447585123,33783.72285923397,47979.08369703016,32676.66307065978,36988.66685451631,42315.439339048506,39929.42191746134,40107.976264211815,20928.47624386214,18821.671677918348,30960.469580668214,17567.730749799135,28706.3548123536,34638.34504890689,34374.640673651425,37931.30592768546,41738.36079903035,45300.276952237255,45855.027208901214,31782.871342842514,31785.897717272037,31317.840901757478,17774.3260005719,31012.287151622393,33813.94729988872,31327.554258763346,30995.553679242155
1477958400,12712.325637640048,10290.901951171223,12581.375297540331,11719.74941557274,17461.01277883352,14877.598384137085,15252.858963928207,9584.293674120747,14184.11754932502,14327.118710317085,39720.12085150988,31793.005430088015,41867.05547259052,42498.08129896556,34956.07678015161,28253.52440443383,29418.568509496246,24396.92490109817,21378.49180889217,49911.17783132017,37643.01146564869,22629.257891088608,17620.882464877563,53971.98533806915,27169.50666096372,39228.74932371507,59338.45813787514,30966.049524867714,37388.4234590395,47814.996189424084,22509.54486693711,32429.324812435403,36301.48920782221,30311.317752470146,30924.510111670366,24284.091291448596,32900.70835501173,33648.461607473124,48581.2487260253,33011.24957113196,39466.516122783214,43314.88187046402,40632.728919711306,40800.8822967039,20889.30837297847,18999.997919857808,31334.90393412624,18596.276443500767,29525.47470683899,35691.778792557365,35333.49696429361,38472.126510726914,43047.54024676393,46236.242098580275,44144.33945533612,32206.200622247714,33906.69857343084,32436.11031040936,18897.955240903062,31078.82626088906,32857.0284571131,29610.446283047102,30959.224790686814
1480550400,13227.841109644021,11031.754734147624,11987.150476694247,12857.392105736382,17973.862285950614,14929.243818400239,15863.54130090352,9692.053457118642,15200.336947040494,14457.903693252234,39396.33668860697,32521.732169177278,40525.80036040615,40971.10431697403,37266.85916217265,31474.624134974587,31064.85936701815,26801.854700191707,23017.4058788545,54996.060005449224,38708.624460275976,24565.46332144245,18598.354247314157,53984.36103522717,30323.327456523777,41623.33002705138,66246.1889286927,31958.125277216506,40492.063764898856,51321.03088314466,24138.529482235997,34717.13747248304,38962.956718576825,31720.92702269712,33148.51981743068,25963.938719280308,35248.45487792374,34423.22467320906,51178.68912886764,34690.92536458203,40066.5092545304,45163.76950392769,43447.582377979306,42504.84740228434,21313.424865958805,20036.451277396427,33253.93422814139,18676.788031346052,30748.243570689345,36861.65254889522,37251.105312919426,40760.763522963025,45034.57884636303,49504.65739812114,48447.48706362512,33398.44220248099,34225.93672247634,33704.19052638371,18303.704638604315,33892.493330508485,35240.392173110165,33959.339435362446,33087.70460155443
1483228800,11609.562822986452,10042.359018912694,11259.9095011359,11755.135783462523,17063.601606928576,13760.688276499062,14941.351735402204,9332.047098676629,13526.438452211069,13982.783060515987,36841.87136380665,30723.055059428225,44236.58646174144,40082.80285011224,33465.95698489937,26857.417481662593,28031.19404116598,23371.304160664902,21222.55975430632,49677.04457198942,35802.2319038459,22193.246637300075,16802.148199941472,47682.01461014272,28792.593903187873,38113.03178374501,58063.25175988029,28624.672656622934,34476.13592937003,44909.57922758503,21430.523697011435,30027.738029234988,35275.92691496838,28920.099932009405,30852.0532567972,22891.350012336552,32405.050498048262,32567.48806247948,46205.10981848415,31793.80969646195,35575.37092628988,42511.72758089732,39081.252245691634,39690.23650848765,19751.05460304919,18125.674830338947,29991.227556777958,17508.54079149052,28477.878796528024,33124.563402020285,34652.66169261759,36866.23194367315,41877.86288474118,44666.15566741151,44854.07991077922,32748.890465554872,32818.64505461741,30359.073860805933,16824.338406861858,31595.039745614857,32582.71114047715,29192.529724752774,30487.896355034707
1485907200,11467.146213685735,9579.384741859692,10747.080695857836,11090.959256010456,16447.924036103723,13271.983542337473,13923.185692119232,8640.121113797997,12898.858790243421,11977.417010673853,34789.20666957179,28045.382910375854,38575.54528354031,36853.02760211446,31052.962514402807,26680.91916259169,26351.89924566923,22185.43629309536,19699.64703787778,47843.28219680806,33708.024119237554,19823.312754255483,15948.316476416585,44932.03536262884,26617.30066713155,36203.53790290044,54349.617814977006,27006.42016836715,33141.738753392834,42150.965170246265,20387.31257018523,28291.50979926252,32626.873178730384,26391.737372163523,28670.7490292291,22138.48161855417,29966.287369374983,30211.035508125406,42293.09577496547,29892.283593175223,35187.835086279505,38967.089604793524,37073.94555770971,36149.61994793326,18610.50344406408,17115.326067041817,28535.309381762276,16144.508200704113,26026.53849832912,32159.526440064972,32696.890902331685,35324.737513377,38368.707277355046,42743.07122635231,40857.49187800028,29341.805821517377,31200.355514596264,29253.376471029354,15885.482159745785,29047.452212964967,31445.625457205562,28415.205882092552,28096.747999461684
1488326400,12495.142283714207,11263.773664223756,12320.050042012881,13061.920660210168,18262.87066311891,15510.283197101176,15917.794038383017,10127.217239584934,13866.19107324034,14123.2818516755,42177.79255827464,31140.802312881482,40546.06894830214,41280.46532654539,35019.65533350738,29825.73273227384,30020.42295591523,24860.874517790027,22416.28922419548,51043.82254416659,38593.559571691854,23306.54995830841,18133.562067059105,52946.8367422031,28481.242259296658,41657.70565293407,63382.460090904046,30044.961923329152,39775.05070894534,49937.66881768385,23238.508203683927,32437.201555913445,38036.69843054579,32081.537720615306,32726.085628998495,23895.163533185296,34653.77428954233,33419.42583476114,49168.983377490884,34442.883593879254,39025.04010539274,45886.46737249189,43180.83221729265,42398.99841111615,21465.99229095048,19184.45313989793,32271.322102453138,18191.164089176298,30362.19662489702,36010.827814188124,37302.331405384975,39605.47731273688,46115.827427271535,49346.72591872036,46362.66631915823,35770.943091608715,36216.844713089195,32938.94873291945,19093.20653329973,33805.85920855659,34670.15893055195,33311.988260603976,31743.79237880307
1491004800,11109.997941936894,9698.516414023992,10825.378997780343,11460.459625444095,16413.366172180755,14012.221132709106,14121.58034921575,8851.89198155375,13399.873176918192,12518.910115649245,37526.268727197945,28955.091139047425,40016.494891337796,38800.18531827515,30760.75617033031,26928.6099166635,27608.477023640582,23271.24941481012,19759.302775467735,48622.064735292406,34156.70700553556,20935.179290733664,16152.255788682674,49508.42865897002,27790.020053406482,37377.14664326773,57738.21630542112,28971.388799943066,34035.777980070874,45720.01100462472,20484.54584652531,28851.59529161764,34020.16387919173,27136.017985165778,30165.233019771265,23230.813872378054,31296.02737882805,31344.643096861597,43685.51779886938,30687.390717029775,34249.29534242819,40582.006682976324,38380.13945576924,37503.597816900394,18965.129469122414,17880.07331446683,29171.488690491784,16721.65992438064,26742.204067116585,33079.15685175875,33673.474991269126,35405.47131736349,40437.86842653649,44315.92443077938,41716.14062481089,30206.33682847521,30361.34101941747,30228.286972696736,16556.237986898373,31163.078005551546,31800.441654496637,29918.025926597307,29747.370645708546
1493596800,12524.363214594387,11133.234835258725,12081.003981894288,12057.800408786225,17865.049917581564,14415.798556736609,15443.59591591201,9730.794125673396,13717.528725299513,13483.831001607252,40057.24044547224,30299.890321596147,43417.87186664401,39113.699712643676,34168.42188512442,29615.311833182725,28942.01178390888,24720.028832080647,20618.734051160773,50719.48309610431,37241.24423638141,23485.130372733372,17603.99093558485,48362.77737238786,26142.806580517932,38693.556184201094,59562.35346076877,29339.61981679417,38040.34280342901,48098.68944877506,21224.79893561395,31043.9506547015,36600.671464400686,29730.75951744051,31084.990135416287,24053.794048186024,33486.15510183548,32339.81390113086,46780.98477585208,33418.68101858107,36464.440665770046,43322.70597249428,40824.09294960488,41230.952364278244,20342.110640202733,18660.318889430146,31289.527356918476,18068.054387347587,29325.99009584886,33758.660640249334,35250.904305774966,37732.85824176011,44089.93875885896,48637.59653859024,44880.93918640951,33528.037903520286,32959.76810809346,32300.728840083524,17397.695256709012,31498.772772649405,33172.25414130473,30681.12997347481,31309.748593784185
1496275200,12480.816834461762,10596.28591314031,11865.825281058334,12027.264345905116,17101.04104745709,13719.236829289253,15320.678874873982,9324.682604072706,13692.158216530413,13367.20514314854,41456.41263234645,30015.774907455943,41392.21213234965,40935.68483244606,35465.93339462462,29901.92756832176,29350.839404927312,24820.68694226516,21397.088870727024,50842.279370716744,37905.61759297782,22346.07478046448,17073.344239459664,51471.67996946309,29860.289142121772,39005.81007783109,59880.334269139785,30908.1860894333,37102.246393483554,46225.49071415161,22310.720071687516,30939.011225304766,38354.6236840629,28959.90271857367,31715.925421557164,23992.64181388369,33806.65514240396,33092.67924746817,47157.9505201209,33020.57298700388,37527.02394292705,44043.05961413006,42052.38390782955,40172.2776643009,20641.53062824537,19060.391079876066,31740.61642616252,18550.42294402516,29446.116543286535,35434.37281813288,36413.855975597726,39356.3564646281,44875.4801701231,48940.00705099145,45519.26623004256,33262.40863385255,35011.668137878754,32813.582027413635,18094.581814380734,32357.35187597574,35351.92979772425,31758.275208692194,31677.93944447876
1498867200,12654.357713701173,11415.903834392777,11508.675584481902,11900.280727938201,16342.871688536767,14581.395294259426,15491.908685082026,9124.617462718825,13320.747387071084,13122.658111657414,40602.49603953642,28950.963289635078,40354.3815602136,39301.88647326899,31873.436237912785,27610.335481037862,27731.51193115629,24343.343718576398,20174.305463069017,50108.386692243526,36058.59406485934,22420.280283383676,16935.09793398794,49301.27147682336,28207.368595623826,37603.974179012395,63210.37388462122,29104.68294824215,36678.471462079746,48345.426448117796,21582.57247093321,30589.07985439454,36258.503544212836,28610.450264892926,31297.51097191011,23038.978916461263,32497.140218021526,31568.584050882164,45530.768368056844,31773.770409691217,37086.974925844515,42024.33415701571,39885.32824924113,39476.424493792954,19768.05669276603,18335.978530432272,30411.81812243946,17537.641583714183,28473.18696247511,33472.28553481696,35166.84381068379,37916.15800910375,42722.335248368916,45497.631153805676,42433.81904733211,34524.7709533896,32477.176119112166,30911.663468713374,17641.225561506395,30893.360660907918,32488.908141913344,30901.657785149633,30550.39009359202
1501545600,12057.666103200308,11299.663132552432,11029.677233057579,11962.600049692082,16481.8504036392,13193.639934399083,14639.93673443658,9215.858819631312,13479.903707973728,12725.525566440047,40665.29398860809,29989.230926178592,43083.84554100708,39559.61626102852,33687.294742736936,29767.39485380825,28941.301302803295,23728.849374797504,21220.099431185965,51556.03640534397,37380.00006709831,22426.016586745667,16734.45584263666,51078.21029410331,28115.555233551033,37341.83693516699,59655.00985252328,30493.15925689569,36929.32490585023,47888.09173445874,22012.57184198314,31742.012365508588,36166.91573348264,29130.54031617187,31790.811079218143,24025.04764528492,33053.34239877311,32636.673532022367,46016.20437214923,31726.847766948864,36995.77439562642,43474.38357264606,42239.676898347476,40177.77416724032,19976.155631669306,18544.609239370857,31304.664264864903,17825.58218274557,28922.81930855838,34769.98080927968,35023.92506231252,38288.10047343896,44402.1813077151,47736.82126231262,44340.205699154445,34310.5513400501,35176.96897245602,31649.824580089255,17903.19574925839,31556.999787352368,33132.257041881436,29738.863173486392,30517.341454852274
1504224000,11913.13109487753,10648.77997153051,11537.99262634961,11321.688561330157,16325.220321543411,13455.976226940698,15148.32252480364,9008.136062362544,12591.590354522685,12907.103504747947,38695.70396893744,28912.923991718733,42139.54669141498,40351.8716002886,34141.48823461745,29582.332563510405,28387.844312274327,23998.94303280262,21089.67311000009,49122.54429708222,36897.05499751901,22707.069043283598,16835.016984920836,47375.26895342038,29804.851768744757,38500.37727434891,60330.62770413174,30128.748384641258,36577.31828411582,47876.34031987349,21444.03401743387,31281.20570436988,35792.424121033706,28304.044256738784,31452.350865922544,23243.631473888126,32086.25528309362,31309.266575298443,43677.709987434224,32688.669839206726,35584.79224471036,42349.12920680223,40107.96102203403,38872.837976377625,19799.886524160727,18190.83673575437,30653.405149073238,17324.681670699578,27824.068883506647,33904.33491151916,34631.78958579928,36880.36896314648,42264.37264513962,46585.80399541138,45096.21231238809,32654.574458508123,33983.36161445743,31633.61945636623,16952.58052334477,30700.16743703865,32737.8120287959,30437.47942971729,30831.182091741324
1506816000,12206.817043243054,9966.636110353878,10982.71432067046,11598.060984729482,16653.026603264363,12867.739945062342,15238.114469859973,9232.148909185065,12588.102076844454,13073.145526817518,40502.81983703246,29280.17354514806,38843.418365067584,39635.933278755634,32300.188248405288,27805.3897593817,28558.175321367584,24935.39388612705,21093.91918678979,50838.43666025853,37141.31377953021,21701.7754109709,16728.694914112493,51654.898083432774,27582.84778915089,39291.4838422108,59963.76205743344,29088.217463122128,35954.706261663065,46285.98862217289,21485.03586023979,31468.40821340822,35466.1779158535,28234.677826202722,30723.410155658297,23423.70848907595,32781.11668203643,31287.88235824434,46137.77294023659,32048.193373473994,36210.49412905449,42163.53235162873,40299.13885981064,39646.446483546046,19806.059169642736,18490.753037724924,30164.965765625115,17049.61583822188,28274.735165266684,33809.852172096376,34362.09943896528,37607.45472048535,42872.385020134,45718.01484365716,39909.1993050504,32848.45987313,34000.775831286446,31670.9253280428,16997.417303047463,31053.141903430806,33350.18346143902,31039.98731685405,30289.461651751244
1509494400,12520.496709316625,10489.454118929201,11656.247497691935,11389.391735668716,16854.847445759064,14031.696865131511,14482.504447251731,9064.70957645162,12441.257856567287,12594.474458269384,37201.876542092024,29744.88632704727,42495.68697613298,39116.67236234728,32925.52733085788,28209.19230769231,28354.391397752883,24528.01171068243,20429.229113484955,49051.95627707468,37083.14418349164,21324.704768261647,16500.965365212138,54348.43889189071,28565.460611523842,37693.855071947575,59755.36378761623,30258.381847494864,36063.21117763692,46331.74138600678,21558.676113748046,30478.242835101333,34856.731813145365,27182.707371826153,31512.956355600993,23898.77060242138,32817.736204360786,31391.026675814195,45446.6650748641,31388.549690926036,34741.01618979737,42906.27993882808,40392.439367170664,39305.063548327955,20180.45853194373,18704.104359890705,30689.682777031798,17376.506713235656,27970.322541035173,33502.69752542864,34878.46473972099,37476.96797848861,42318.6485452699,46317.92873102106,43265.49253300976,33130.48960516176,33667.6182641779,30910.292833631993,17219.837012813587,30116.87853159207,33509.81245478978,30266.54878403255,30913.915937899197
1512086400,12682.410614560195,10501.63398029593,10965.648353318444,11270.225413818078,17080.30107371985,13003.079447253207,14744.814313869456,8940.649382673,13659.949623178163,12011.755399473226,42085.6523803423,29361.249172910524,38357.45056309302,40286.791413858155,33728.39695845019,29073.81007994334,27772.648603815305,24946.03905880801,21718.597814163968,52682.66783420901,36653.27151094497,21719.93937170068,17218.880030167536,49013.44402655082,28021.00690669235,38047.1322738147,61231.161363714695,29667.33171299678,37594.2372881356,47616.76878716887,21087.32339828704,31241.01949783067,37051.61035166246,27349.003458207222,32280.72617645071,23680.843316855673,32748.724589296107,31577.878342028365,44365.05103595765,32998.03747398607,35960.3757125071,42415.938791233944,40036.31958082773,38910.238583953396,20327.337944940562,18418.979331189363,30834.76375843471,17072.256990795267,27811.535295231977,33049.16803813245,35606.46941908716,38081.50353596732,42370.956179570305,47435.46437252143,44365.89730810572,32570.304169797273,33926.13035196329,31237.359697741027,17322.305290472985,33495.41050099874,33650.5550591389,31015.552898483707,31481.3098508855
1514764800,12425.667778167777,10729.14637012595,11579.271088325864,10818.954216633489,16820.354929142773,13434.802787824225,15079.45032828957,9277.345387527394,12383.234773869352,12647.69375005477,39723.785636274624,29263.925894864296,41459.83394948446,38627.152932537116,32646.822774883905,29036.910689133103,28481.8709612391,24701.831023820112,20104.63291172934,47651.11020304193,37350.20113115354,22832.07219373932,17220.332746355623,50008.04593794007,28928.126423926104,38116.22790656365,59643.901194735714,29253.697991121815,36680.11335067927,43426.31177969858,21582.135640114167,30418.525020423047,34685.81243108188,27004.21811388098,30685.348603823142,23143.20947645397,31809.788419125452,30939.466564162343,43845.46165459097,30584.96867638777,34710.21103827449,43109.848792302146,40497.91739102318,39208.07158693873,19821.0254920213,18114.63082946882,30376.981119870044,17499.062298200603,28058.828639567797,34294.93317978644,35326.40606443896,35980.26277207628,43097.37747213589,46414.521422893115,40156.8140578684,31770.477210793866,32533.200967317858,31969.376321465377,17206.71321160043,30216.87017615314,33599.75385266423,29422.310241480845,29683.512750192738
1517443200,10942.665039734684,9169.72676840918,9996.516047271694,10338.633848704076,15782.848873077239,11882.967984561335,13925.089735678295,8325.479743606935,12057.863416943872,11629.883937814782,34422.28155157522,26078.666788484436,36920.78664380376,34604.56664320613,29848.925280538322,24748.254047060243,23962.96966896007,20616.01797096997,18310.783014813074,44863.45944568604,32269.926110433138,20017.983559135093,15289.412398022214,43955.04933101035,25067.296013904263,31532.97242174337,51060.50805929883,26212.861961954433,32033.858090852707,41284.85022642606,18601.287772572032,27993.477289391594,31978.80734926698,24983.24062034852,28523.056975933763,21864.54237877127,28733.61184028134,28152.381092467538,39668.23594145864,29501.794168777284,32244.713462333664,39450.51193320619,36267.68221241631,35617.47106386503,17842.28730408112,16670.964356537635,27157.092603396508,15849.786873350784,25797.557457158597,29557.755150539346,31791.443941860474,33970.02817821703,38510.470557935725,39794.44540870391,38124.75365603585,30434.47250474056,29128.593641868516,26798.89076540692,14974.970865578453,27371.774984036092,30640.684175289844,25662.571710132677,27316.059519211314
1519862400,12286.90563501368,9853.972393555123,10984.442188333418,10843.244540331107,17173.640036183464,12503.54946612842,14584.223266163126,8947.234256802007,13152.316637890628,12953.468248916639,38655.370648259326,28610.398698384633,37814.74582727949,39661.276521969696,31286.960442207954,29807.428164153353,28256.013599565034,23671.48312966753,20887.318256680894,48974.176821501365,36031.6475405726,20826.45060445317,16657.01843068786,49084.7270795842,27564.222631285036,40358.96509269346,59520.94927476398,29662.073442251436,36722.67209246658,44812.75100401605,20343.047085973736,29865.99493380987,34562.6873139881,27154.53638172498,30401.337503443006,22758.972155214335,32346.41170815751,30598.331457900265,42514.83585841004,31740.237899489304,34567.21697834686,43569.126200882456,40248.86167188079,39633.13776983924,19942.985945752396,17850.292843065625,29149.224055414124,17246.65342324916,27847.905938255353,33430.619751408565,35962.31079450906,36928.31542559535,42481.148547418685,47259.01921003088,41485.424481116526,32685.922619261215,35019.15915688639,31834.201272694423,16765.546309790247,30685.584748914294,32848.45384060055,27965.710413770044,29753.58754580849
1522540800,11606.259926423556,9838.379326978295,10282.125140651662,10532.59193826249,15801.277107690412,12808.983337134829,13885.459264803676,8595.707148147507,11271.48384877526,11764.3443451292,37739.70739238951,25911.999106319643,40852.894216882414,35757.9043189572,30994.62999617342,26586.277684092183,26393.116913072274,22427.89759894749,20273.38827830721,45735.100244706446,34063.90437661396,20966.36141615856,16585.96652550917,48088.30531805579,26947.419855222335,36730.502210433246,56864.02537509364,29012.26219668735,34566.71761540377,43672.175766973094,20001.193550252032,29484.300542631958,35165.32872197509,26288.501929990347,29835.840181122836,22504.558321226174,30642.580770032837,29159.81657335518,42935.20446219579,30063.556752881053,33164.90144784675,41222.8369174028,37479.852139752285,37320.53037133169,18320.77467559409,17730.675790046953,28742.07477746219,16740.726892723014,26534.952028861313,31491.862944179742,33012.99354677564,35270.66956329988,41020.01065690034,43092.64239566485,39299.37863450357,31324.389150655832,30402.009657243478,31504.373202944385,15881.799510779758,28121.142627401354,32319.67879922311,26114.54979431111,28502.449910003303
1525132800,12885.80349690424,10225.732220453076,10850.636303797774,11224.207663302159,17292.776551575113,13509.570423055155,14772.152548305583,8818.704631438392,12343.991746013973,12063.605843737487,39883.089357880555,28264.872413586985,38945.241237003844,39910.227811208664,32752.73285993269,28461.840914022345,27912.78928643053,23456.42783606773,21101.280138814498,46011.45295246986,35468.92751785355,21063.89637211154,16715.296156760738,50568.17081319788,29746.892182396965,38285.227724170814,58953.83579618448,28734.096719121808,37267.414325959275,46747.72686383326,20691.326003490412,32019.302234758077,35022.53867840837,26996.682984699673,31039.70104033843,23192.60501135452,31366.23812911924,29817.806140741304,43511.726348337375,32111.401051366705,34941.73409090909,42615.15557022592,39170.592677702494,38893.125852572535,19957.51997412433,18151.4864233845,29964.753726404055,17236.284948445544,27717.329541380688,32364.6421004774,35132.948217230936,36708.226549721374,42541.40903909038,46305.66905751748,39924.65150916987,32414.389043333715,33558.73206129128,32178.42723254133,17165.588081326357,30260.69872893822,33450.5926573119,30715.688206138584,30629.014539514068
1527811200,12047.638514059725,9677.540625215019,10637.484314653624,10687.292457279369,16993.97987294669,13303.021063620732,14441.568073459293,8972.080273211619,12034.914792908856,11936.552744617602,38952.15584260256,26618.065325684962,38484.0023534408,37889.443581451014,31346.831524111614,28346.67055114816,27374.23157254309,22271.148241013456,20999.98228254033,45697.50324546298,36259.47781009819,21853.89700517378,16303.998958143133,47450.69075811611,28282.246301958516,37837.58478051878,57137.66085243381,28169.649859448742,35324.08554593872,44303.900721484766,19976.751964675404,29783.616461662656,34346.777827264974,27537.12394604299,30334.068173548818,22573.609856440064,31507.03485165713,29174.643774703563,42926.57788729897,31265.702067469923,33357.656932251324,42225.3309314237,38450.27995264977,37046.610572617246,19527.736944804958,18016.601159509744,29334.29491715649,16555.873711429664,27759.512448330457,32818.29299180589,35051.61176396634,36231.759120794486,41778.099342577625,44575.25747770051,40168.03358933749,32304.367579875976,31516.57198032192,31384.126125647497,16209.948754610294,30479.045875240903,32685.48634187223,30011.877428315256,28436.661675884337
1530403200,11616.105003602388,10330.412433446301,10637.104846993334,10753.28686529991,16161.92662435036,12528.023754192543,14314.55069286877,8599.997039244812,12207.345472809753,11876.865207848927,36811.73134328358,27143.485675821885,40428.59433836885,37302.767273189966,30947.889756727363,28338.505395441858,25735.19102322359,22424.704467692038,20452.32860567231,44746.88766133688,34296.01622574722,20243.232371721915,16440.130622145654,50153.85725125538,28137.039291757814,34665.46585711894,57790.04562638509,28503.596780676988,35922.28496407934,45258.936045103954,19770.394129349486,29488.135254622997,33978.67995584703,27165.819479928596,30441.27946844609,22760.67999021597,30504.356380802194,29338.19265805909,41880.272861011086,30931.33402533561,33900.87508697219,42281.08928836726,37546.29931578866,37184.6162856444,18802.45937895732,17876.50508954181,28873.807561843954,16946.07456102338,26872.865936202335,32264.076066304886,34433.23512751111,36016.6770833843,41433.847634593185,43515.494480923924,40114.23326108116,30913.51267826292,30508.109617696686,30583.345207064765,16946.510500388056,29738.30781461454,31923.32036787534,29264.325329562722,29716.02168215779
1533081600,11850.606626933575,10097.890802545437,10911.050802621297,11112.562397514064,17159.308508005037,13873.007873919398,14801.132138241657,8866.26498475625,11671.352462601697,11899.520459053678,41760.448333643624,27033.226208459204,39230.42276798408,36844.588416957034,32118.361603805377,28696.37109098364,28280.33049292856,22810.7792831643,20977.32679544417,45676.93357381245,36245.813552941494,21544.13506154373,16898.405513499605,49381.76300452437,29050.728754940712,39054.56789906516,57736.5869039214,27593.044727377048,36994.50411167365,47680.983422970035,20242.637165679545,30049.36173541901,34822.78279819172,27298.342049494724,31095.249439938758,22726.90541768209,31071.288203997436,29768.49780380673,44635.124106337185,32132.629457074116,33353.68599882837,43768.39479927199,39354.03896482645,37411.73024949727,19974.037739074076,17973.229628679303,30049.320324132557,17063.771261505146,27961.576519897004,32928.61677756801,35534.19116723803,37107.28300216578,41976.711515943054,44961.02632130775,40566.92989048742,32694.89189585128,32429.96660022624,32126.520223373696,17292.621911657854,29946.001919094982,33790.10027379308,29030.640044579784,30325.1246814374
1535760000,10814.177205013886,10049.825433673936,9879.865515947467,10520.076238307945,16084.851571810763,12359.241216055445,14504.340854082984,8208.11563796649,11392.75213092127,11260.542649421282,34410.56133334324,25344.52797037654,37909.99737939672,34374.58141375601,29989.251603292683,27170.828240975352,26170.553489728918,21786.3004545405,20034.990852267438,41375.90098539086,33308.44528038083,19946.9356556193,15266.463520025249,44944.8589881489,25570.175077663713,32364.08946920439,54214.964471457235,27375.590920708226,33162.90642627651,42550.18617149884,18929.27497391487,29144.974679799525,31670.3435248801,25855.988324012164,29187.797094268168,21204.631906113846,29033.375251001173,27794.18134256588,39989.48507529985,29705.57112654367,32566.655338974924,39259.56517225524,35258.52895238205,35172.287804900814,17416.87930758419,16702.70173210013,27798.522688694684,16091.130787006985,25458.71290443082,30086.94566010004,32619.30818285395,34258.06843426259,38530.61512981234,40148.6127101868,38004.69435526621,29186.41732564447,32189.952722495047,29723.56235391391,15193.28246996328,28199.449115468167,30273.554361615687,26748.445102973023,27968.234762988843
1538352000,11678.658975807128,9709.302294135381,11144.193921617532,10948.00876674769,17058.74622028104,12867.717297044888,14844.513986159025,8978.564468871673,12040.366809187239,12136.8763462357,40415.23439242332,26679.48944864715,40111.51624469325,36317.84197455781,31441.764772975497,29409.716363853164,27643.827539510046,23043.496721516978,20813.227623248546,45825.09072367587,35289.87791933826,20881.830204391226,16620.97182860682,49998.23063431181,27817.57763015604,42607.12863296226,57761.663197107475,26729.127076499833,34569.08362490058,46535.16233071125,19599.589288957173,31060.875576436312,35960.50758224712,26652.06357678323,30794.707482103615,22875.27637492693,31044.30233108362,30241.342332772532,43940.64867801958,31467.90451093389,34221.46269155288,43202.19807938845,37653.01307307439,37720.39855418864,19613.15847548876,18428.07467549069,29683.486633282733,17041.94025368527,28184.666284431572,32767.463305553585,35144.874574365655,36826.27313595851,41720.06525242976,43975.85138473719,39592.997164337365,32431.631542707077,32786.92249714667,31855.847080359745,16851.093223365915,29721.039525101925,32316.998156331403,28779.20267266437,30509.317658805037
1541030400,11097.495849312329,9529.388164438564,10349.306673622414,10911.592414072706,16726.88841901412,12672.133424311767,14601.359402790973,8768.592809229147,11829.039984531792,10963.739338633126,39187.23893081527,25053.132845677505,37856.910889700914,36237.45950269306,31458.568933809318,28423.425189513935,27873.95133102278,22413.75148173523,19686.119315347296,44029.739407306326,34821.86556142475,20648.857643253046,16014.910842572537,47926.253932616746,26081.626698558674,38216.137142056265,57105.04700778672,28715.887306927463,35449.65306092553,46779.565220394696,18331.05879955701,29165.3263350657,33596.51925899516,26487.99663096269,30509.567058441284,22238.446663934654,29645.173893782183,29149.882179676,41849.61305638598,30665.265104936636,32900.309484373494,42721.62445285258,36678.00776147732,36841.64481595183,18505.637755737083,17138.324027028062,28754.32388800895,16610.67121960063,26194.90701431299,31811.655900088554,34646.606755094625,35566.452994572996,40748.77348094994,41321.73952579054,40328.41932812659,31129.32455752526,31806.925432906835,30411.540034306785,16110.523228622658,28990.28808808406,32345.97384503711,27967.039366972076,29667.0052713455
1543622400,11601.762269500048,9204.584383560394,9997.395614837125,11002.266703267527,16135.534678087866,12642.416872597678,14483.622922282297,8484.13665982894,11395.985614001956,11041.116638558606,40116.42275818501,25822.53895774219,37345.406075038416,34265.14124750933,30947.289226397766,27860.482026448117,25764.750456392434,23106.301158883336,20491.911928061356,42333.32099750994,34016.592510369024,20864.491304097086,16048.978619402887,45684.701206338206,28416.62719822084,36562.33494814531,55514.93268974384,26760.591116931457,34612.922602100865,46519.91229584612,19659.587912777686,29154.502447052142,34250.899815372664,26342.40849073524,30091.587027584195,22861.96140059347,29817.971761427576,28798.66445125662,42045.24823993852,31037.905780845565,31908.33649141073,41847.5092954453,36756.393116092375,35345.12873449495,18961.30723274799,17775.369292915337,28958.322830182395,16746.719094732485,26602.59562744225,31546.268217441488,34138.27902455679,35933.51583922204,40256.478677568375,42428.85947814867,39551.914488293034,32589.02205638652,31508.20591211488,31088.140463227526,16580.295007466084,29271.415415713673,31726.558173569443,29053.306891640193,29525.264795803632
1546300800,11218.21835995375,9822.274878668404,10926.147831333217,10990.70351984748,16860.92603271772,13144.66350505667,14981.229125213746,9018.560583262994,12029.077144520126,11292.361779328465,40054.475688124505,25588.226270911764,38551.33616969071,35221.048988500625,30923.018290976128,28682.56319733059,27143.65732314039,23420.06526464544,20018.90188161972,43682.82218640171,34775.21580510754,21123.60880839678,16253.758670296114,48580.560561235776,27869.458914122184,39170.07218891472,58080.96104144732,27692.988804654444,34663.59231126199,44807.45411101751,19482.925153802164,29149.10904283902,34728.44428618994,26391.94156391102,29759.711073912524,22837.671503895344,29656.58202104634,29006.571185131605,41341.096400875125,30609.085752142757,34486.590270036446,43121.38632782479,36185.34332362437,36495.04022542764,19906.344148649034,17517.583450784266,28691.948733722733,16499.509346247392,26887.643802561717,31972.499682037327,34783.5794153754,35733.39964004925,41632.083743066905,41670.91448348535,39665.799714472676,31504.707000858147,33905.77346222576,32215.645072451487,16562.5757152781,28650.78072418085,32642.553951149843,28068.761944001264,29228.799920625122
1548979200,10224.076977686385,8504.808409260371,9767.44305383594,10165.627817474735,15215.945815477075,11793.655622595179,13506.594249160697,8085.043540673366,10525.276371830718,10322.639206840831,36004.037712037425,23357.98739198585,34003.90760464606,31456.639664874954,28134.158981352703,26194.875898932456,24095.534130181164,20264.72153398686,18790.829028095257,36989.25435930505,32173.139853065564,17561.095583941307,14700.492072229023,44193.48675786778,24582.195558665542,34569.46198667179,48443.18482907443,24908.4208068857,31510.05025371042,41738.89989986534,17697.121297271056,26117.046617420696,31493.6447984918,23829.40586438397,26956.053486002747,20899.64557728516,26982.064471921938,25906.390804316157,37957.36693913838,27777.833289662405,30316.25903822114,38739.210369390246,32185.978911209728,33766.74995992336,17315.480579451083,16238.109970069618,25298.23783632523,15541.204711508277,24132.049878281065,28970.906629060082,31188.722409953123,32192.238138694964,37066.96017803067,37207.92378497122,36694.194443454195,28775.14964012403,29577.691218968783,27914.793415516033,14462.231906725894,27116.545398284845,29094.72156040906,25307.903754502197,26634.00465547088
1551398400,11078.332374541003,9413.742066484361,10453.807971100887,10813.464606449532,16050.267953367747,12420.962843739446,15119.593072467718,9167.658452291878,11552.708740684906,11472.476178877836,37803.02138323745,24808.09555089957,38007.70573631715,33433.922434211185,28532.883789542706,28757.954308676886,26840.478402467663,22968.529467184206,20084.514890037044,43715.55500367239,34835.07618049939,19435.629763617675,15528.055231603917,45642.5510415213,25623.429235866726,37622.80243235238,57991.98768701538,26779.054816588457,33816.79711722972,44506.895801684856,18622.09098543162,28905.19483310766,34077.36518267211,25701.93589677241,29112.660329276405,21782.001380555907,28981.657296246198,28772.907536175117,40796.27643864163,31077.51809309155,32748.232254318475,41976.327152895385,35376.603685473136,35938.75376516924,18734.048245023492,17275.701246260407,28048.12804808281,15700.36981292499,26109.791878026772,30832.377036099686,34343.78966686934,35217.90510800128,40349.80109153927,40774.75696444854,38193.67484142006,32555.61265833583,33387.88793057037,30296.544883137456,16199.122062620832,29152.689197628173,30553.524926411643,26583.402841901196,30035.68528852392
1554076800,11351.97075025832,9153.870008527005,11095.338922540495,10253.977588276397,16482.5650396919,12035.481985903563,14808.691725606504,8903.881674478338,11240.860307745355,11284.512672936715,36838.706353324924,24191.58625876385,37570.024896993076,34038.18078344865,30525.569370428548,26965.035069281403,25371.701183139812,21640.151099639726,19685.437334109327,40245.12047651989,33100.382719360096,19498.574073389897,15971.55534592704,46916.88789319589,26104.58111140851,34389.96389263495,52750.91086354772,26059.211469534046,34432.153761283356,44332.59001947486,18750.513319807127,28465.171906711155,33959.366707126275,25944.30498533724,28150.547718032452,21593.59751514034,27887.19564320406,26923.93139398018,39097.184701299586,30114.825790093764,31275.441433979144,43177.632880612044,34684.629126908636,35969.18825387841,18877.41268012241,16527.08102890157,27620.160332326977,16819.719539539336,25965.72700722757,30589.998066042423,33690.919100840714,33799.505952260646,40949.23925984036,40140.350582945015,38417.33028105115,30197.513041687223,32143.73390627272,30311.31975461158,15190.589735353946,27616.558559245048,31511.48181967175,26614.070840990636,28308.374284358364
1556668800,11589.850551514299,9969.695090252055,11188.443733092608,11807.613048127387,16822.77316613682,13398.227808130216,15567.151315414925,9364.295259823795,11889.302027029673,11039.523060994372,38919.736111008206,26188.561508337032,38298.8913399087,36464.16300801546,30080.897631213513,28225.165513594828,26557.620216005424,23254.72059794778,21044.7874061696,41192.04580853974,35673.934417552184,19832.170741713162,16357.371980213307,48580.2057197789,26918.969203568933,37869.12501628382,57297.690897817636,27272.798472913968,34304.99624085845,46519.190269702936,19261.125937315686,30164.845137786724,35192.40340615543,27502.67461651861,29658.361867450672,22996.613980125592,30006.801789545745,29070.504844108887,42298.95341887187,30910.544209489843,34621.85433202768,44108.457216555966,36890.206022402104,37628.66231940505,18938.899484909656,18262.614202654036,28766.325117614837,17339.13176253107,27211.338685133665,32097.481587791477,35918.95673460278,36029.89933035083,42400.91635244721,40667.88755616756,40611.614178127216,33176.66336637176,35667.34353552916,31711.274569830053,16635.73087622148,29743.17100362065,33416.41287936422,28069.85336833508,30014.644363448602
1559347200,10737.928208310906,8918.523216062224,10446.69384608542,9616.830723607225,15907.005891752524,12153.9863711773,14028.339934431207,8697.336857508337,10710.951671961768,11515.7126062163,38093.10643527705,23043.41498702234,36685.81534467181,31613.504329440195,28953.67269899264,26043.314370700875,24680.445755860364,21991.35534355236,19199.581065581402,41643.28656785745,33156.294401987696,19031.58932500707,14928.273172236122,45146.07570629606,25389.12507701787,36706.94977010497,53603.764952580656,25586.464350012477,34076.727668568805,43420.1980170676,17722.55557923149,28247.461514619266,32847.91689130345,25224.549160224116,27651.55893000768,20632.114957729184,27861.2727347247,26566.39149432161,38644.41171103238,29244.568512547692,31165.598224800735,39886.93942034657,33247.088147386865,34209.10458667097,18238.008731326277,16619.33356545835,26480.75396128993,15838.227347307717,24872.025922890844,29950.35238417924,32501.77220311935,32954.698115082516,38321.155725052864,37981.635295289314,36684.687314900366,28243.714344448217,30396.137155160806,29015.027916761137,14556.507617308493,27914.124481028917,29916.94199158518,24789.29227800745,27680.985614366688
1561939200,11686.599213382216,9543.727104779371,10716.562285416614,10930.110029246023,16632.463953955034,13032.565104978348,15193.79618384902,8801.955950677542,12406.512807506975,12023.371360391853,36857.31579258734,24401.90944906354,39205.89754854581,33461.88332678771,28063.84383962696,25953.441403727535,25286.898097722293,21606.080431594608,19277.317104488317,39127.78816297912,35755.033092689264,18581.01881589552,14238.742553931705,48439.88406325216,24836.213131716708,36039.234267400054,57024.37150172275,26388.553747922677,33142.19646691392,42434.25965546752,18251.80485935283,30397.333511587985,31790.6439182937,24765.62048897285,28054.29923979313,21488.72405412817,28364.185845235337,26143.188678439892,40638.46651216169,28980.104752360516,31271.39868968248,42931.27082821113,34053.304087548524,35600.57975284493,18243.952388932496,16834.04740261743,25562.19817412472,15898.858829042618,25359.15510846233,30377.93681450791,34377.623716485556,33160.006463789876,41032.05160099658,37721.74321262364,39830.51094242728,31344.233403536084,33776.571656068096,30415.32332277464,15011.432284240276,27588.82586400535,30902.22101398438,26057.310599617038,27841.4714805337
1564617600,11794.854310467434,9082.133108175227,10690.706696150472,11063.190167669361,16359.57957957958,12181.746964935717,14645.681732022644,8583.58654080787,11208.524711280475,10601.896641216263,38351.0357551382,25637.08623556653,37619.99911884569,33621.98580846966,30530.360520662405,31198.475261902287,26801.232067387984,22406.769321250034,21314.834577968846,43091.737728412765,34760.85658894283,20398.63823630389,16570.69834268204,47505.018017327304,28499.664549647678,37277.25579541913,54151.941470184065,27298.178246177762,35704.309386337925,48249.83410131892,19331.473108754784,31201.860781190484,35605.28439421272,28013.312195713563,30441.935721825386,24132.939646374743,29027.167212691453,30300.649376367157,40444.97973905763,31459.82902811915,34967.84345312364,43753.23177933616,36069.20106351015,38251.82942526502,20335.12758879973,17919.886807436655,29813.41195048202,17376.411140594886,27977.33056527848,33375.66562532399,34882.61797634057,36862.95242832595,42544.33568603121,41901.09224672032,38477.147887948086,31760.671822204647,33647.55820016234,30985.33175380404,16660.812484630416,29272.66088372781,33357.335350325906,28376.73185002023,30110.690470835798
1567296000,11270.9109976125,8846.489614885331,10139.915380830455,10047.05770025002,15878.493527523873,12200.489979968814,14102.706123630142,8424.801097194959,11086.69243426159,10780.012631913569,35330.61069602251,23659.943183407562,35206.549021853556,32523.8908398519,28565.98906184589,26624.117520845823,24627.638996713264,22503.68811987005,19025.046949397503,37301.87155634686,32378.535410606222,18968.636584261603,14682.620137057398,45493.78407747284,24522.482985214745,34360.569376541345,54556.14368015453,25394.066928498883,33178.522283186016,44147.642436149305,17865.98589505229,28462.40046838407,32550.05418970534,24864.5036746217,27211.79581567053,21683.669671636966,27891.440651459987,26554.417579341476,38827.841128252505,29325.117936872677,31275.19872082078,41237.362998406046,32329.627496973353,34397.53048433221,18280.890485927557,16910.12839504385,26419.47148987157,15212.618920055418,25059.543982354815,30101.470645922735,33187.686501821176,33689.1987600704,39310.449597396124,36894.4817721142,36832.18144997018,30295.806378711273,30225.233962284423,28163.04200114753,15363.122974310541,27213.41423935318,30467.775242075284,25542.9323684096,27912.689716568024
1569888000,11809.940913754603,9573.71916151209,10644.437007607732,10418.998793192184,17148.609607940638,12640.33822688724,15338.952462712612,8799.585683930241,11849.093028930887,11154.163953146784,41018.021474651665,24903.360406467877,36711.14852479049,33407.64568284835,30558.52054131595,28007.622104546936,25992.736665047443,22011.56411174594,20660.55475654171,41301.16717747797,35725.68865056439,20089.40227804547,15712.976766968066,49313.91554472836,25223.416058990544,37261.98603769996,57080.88598382566,27587.1886961905,34769.09791955075,44717.70153392003,19163.807819236532,30282.76274725038,34020.930666409346,26222.670831572188,29830.71361398753,23418.118771098372,29207.669307642722,28486.508120913928,40508.299401341304,30371.18756814956,32508.101797613323,43340.95614914435,35041.95921861009,35929.32996527062,19980.311964690947,18499.106176141086,27928.954302769776,17238.269662347175,26765.404477103875,32221.00775897731,34577.77286816594,35324.833675130845,42284.86025160389,39139.40180001354,40572.17179146358,31332.136173278053,33202.25391959124,31625.28266503718,16647.981700352982,27762.851980165455,32765.1738502977,26181.533263604684,28895.94452842749
