month,ratio_quantity.04H,ratio_quantity.04K,ratio_quantity.04L,ratio_quantity.04M,ratio_quantity.04N,ratio_quantity.04Q,ratio_quantity.04V,ratio_quantity.04Y,ratio_quantity.05A,ratio_quantity.05C,ratio_quantity.05D,ratio_quantity.05F,ratio_quantity.05G,ratio_quantity.05H,ratio_quantity.05J,ratio_quantity.05L,ratio_quantity.05N,ratio_quantity.05Q,ratio_quantity.05R,ratio_quantity.05T,ratio_quantity.05V,ratio_quantity.05W,ratio_quantity.05X,ratio_quantity.05Y,ratio_quantity.06A,ratio_quantity.06D,ratio_quantity.06F,ratio_quantity.06H,ratio_quantity.06K,ratio_quantity.06L,ratio_quantity.06M,ratio_quantity.06N,ratio_quantity.06P,ratio_quantity.06Q,ratio_quantity.06T,ratio_quantity.06V,ratio_quantity.06W,ratio_quantity.06Y,ratio_quantity.07G,ratio_quantity.07H,ratio_quantity.07J,ratio_quantity.07K,ratio_quantity.07L,ratio_quantity.07M,ratio_quantity.07N,ratio_quantity.07P,ratio_quantity.07Q,ratio_quantity.07R,ratio_quantity.07T,ratio_quantity.07V,ratio_quantity.07W,ratio_quantity.07X,ratio_quantity.07Y,ratio_quantity.08A,ratio_quantity.08C,ratio_quantity.08D,ratio_quantity.08E,ratio_quantity.08F,ratio_quantity.08G,ratio_quantity.08H,ratio_quantity.08J,ratio_quantity.08K,ratio_quantity.08L,ratio_quantity.08M
1412121600,0.21726010863005432,0.1843905472636816,0.21279761904761904,0.16998011928429424,0.16824644549763032,0.22857142857142856,0.1844484629294756,0.15517241379310345,0.20578231292517007,0.21659687856870954,0.14498644986449866,0.1760883690708252,0.18245469522240526,0.21515326778484672,0.21742671009771988,0.21236559139784947,0.21737899801868102,0.17069327731092437,0.20082135523613964,0.23742816091954022,0.19535221496005808,0.12858384013900956,0.20699852143913258,0.17993527508090615,0.156855151045701,0.25742574257425743,0.21822886716503737,0.19494484010613042,0.2209026128266033,0.18409638554216867,0.2640328151986183,0.18409893992932863,0.20861678004535147,0.14106081390032008,0.1676463071811909,0.1227364185110664,0.1381631037212985,0.1158908507223114,0.1669793621013133,0.18185584092792045,0.1601123595505618,0.19838483146067415,0.18532818532818532,0.16392479435957696,0.1083844580777096,0.1963882618510158,0.0889498432601881,0.19567827130852342,0.20525783619817997,0.13552361396303902,0.1592920353982301,0.15047725996631106,0.19727177334732424,0.1472915398660986,0.1931119311193112,0.21941747572815534,0.16706730769230768,0.17717003567181927,0.17631041524846836,0.22045454545454546,0.18122555410691005,0.13320079522862824,0.1060711793440335,0.16455696202531644
1414800000,0.2170212765957447,0.18446931163106137,0.19273034657650043,0.14269005847953217,0.16768665850673195,0.23149792776791,0.18262987012987014,0.15364583333333334,0.20065609622744668,0.19894829097283084,0.14220183486238533,0.1871737509321402,0.18490054249547921,0.21191222570532917,0.23517978620019436,0.21278656764610915,0.2141089108910891,0.17111716621253406,0.1919811320754717,0.2321784149741139,0.16050420168067228,0.133991088478676,0.22148859543817526,0.18087085969482694,0.16488925348646433,0.2516297262059974,0.21323769155526573,0.1928815666770283,0.22187141216991962,0.18816231584388732,0.26558005752636626,0.1758114374034003,0.2322022621423819,0.1431021808380299,0.1746431570109152,0.11704634721131187,0.147247119078105,0.11511035653650255,0.15807560137457044,0.19321731369924142,0.155741127348643,0.20413847990449663,0.17427385892116182,0.1636005256241787,0.10351089588377724,0.1863270777479893,0.081651376146789,0.19791666666666666,0.18604651162790697,0.15371762740183792,0.14551083591331268,0.16156670746634028,0.16906077348066298,0.1437951411687459,0.21098626716604243,0.19517795637198623,0.16447368421052633,0.17328519855595667,0.18854961832061068,0.2157676348547718,0.16236722306525037,0.1322314049586777,0.1126865671641791,0.1720881427072403
1417392000,0.22189523248969983,0.1792943898207056,0.21654135338345865,0.17921830314585319,0.16405433646812956,0.22279525528623,0.1888772298006296,0.15640096618357488,0.2052465387418023,0.20097487814023246,0.14228456913827656,0.1850192061459667,0.1830411740725642,0.21390086206896552,0.2198905109489051,0.2157337367624811,0.21720076691317447,0.18486633439057545,0.20169133192389008,0.2296501558711465,0.18655097613882862,0.13409534429885697,0.21063829787234042,0.18326305546545574,0.15809996455157746,0.2259215219976219,0.22620689655172413,0.19756130976846142,0.2306501547987616,0.18856364874063988,0.26099957283212305,0.19130732375085557,0.2357869539198085,0.14875666074600355,0.17870999030067894,0.12598130841121497,0.14548181477315336,0.11342812006319115,0.1691449814126394,0.1935739785799286,0.1636788776305534,0.1983988861816916,0.1766355140186916,0.16260162601626016,0.10932798395185557,0.19748858447488585,0.08493589743589744,0.19954128440366972,0.18208661417322836,0.1441985244802146,0.14096916299559473,0.17930629041740154,0.17290192113245703,0.15171583383503914,0.20705346985210465,0.2081165452653486,0.1595744680851064,0.176342919153554,0.18634423897581792,0.22799097065462753,0.17813765182186234,0.12628624883068287,0.11259160559626916,0.1762252346193952
1420070400,0.21944632005401757,0.17792642140468226,0.21133603238866397,0.16630901287553648,0.168997668997669,0.23226164079822617,0.1952707856598017,0.14379474940334128,0.2043153969099627,0.20498162515312374,0.14412416851441243,0.18175438596491228,0.20027124773960217,0.21309450277949352,0.21850393700787402,0.21560886729426054,0.2218562874251497,0.18393782383419688,0.1941747572815534,0.2338772338772339,0.18929402637703646,0.13335349259147264,0.21417239555790588,0.18413886997957796,0.16412520064205458,0.24547511312217193,0.2301293900184843,0.1982319448606533,0.23254550393914697,0.18757583110895415,0.2653698366954851,0.1871737509321402,0.21589486858573217,0.14773820981713187,0.17599159443131074,0.12514851485148515,0.16067329762815608,0.1121751025991792,0.16203389830508474,0.18622222222222223,0.165,0.2000726216412491,0.17590822179732313,0.16770186335403728,0.10576923076923077,0.1766304347826087,0.08660060318828092,0.16790123456790124,0.16257668711656442,0.14770158251695553,0.14536585365853658,0.16454081632653061,0.15511892450879008,0.15477707006369426,0.1927860696517413,0.20644511581067473,0.17570754716981132,0.17186544342507645,0.1638198757763975,0.2064825930372149,0.15758468335787923,0.13676148796498905,0.11672862453531599,0.1698880976602238
1422748800,0.2215363511659808,0.17248255234297108,0.20435510887772193,0.1643192488262911,0.16245006657789615,0.22241992882562278,0.18040816326530612,0.14156431803490627,0.20174244486795534,0.19974059662775617,0.14396284829721362,0.17338403041825096,0.17273576097105509,0.2038060159607121,0.20279720279720279,0.20702341137123745,0.20856102003642987,0.1684867394695788,0.20039196472317491,0.22504970178926442,0.1641554321966693,0.13174404015056462,0.2201783723522854,0.17876106194690267,0.16659877800407333,0.23357664233576642,0.21813118811881188,0.19372398334934357,0.24,0.18674381904260914,0.25757202659443484,0.1845913179507235,0.20952380952380953,0.14602215508559918,0.1846670397313934,0.11989795918367346,0.14362806143628062,0.11683096020445419,0.17735042735042736,0.18402154398563733,0.15323294951284322,0.1992797118847539,0.16649537512846865,0.16276041666666666,0.10846867749419954,0.15633423180592992,0.08231420507996237,0.20251572327044026,0.19188596491228072,0.15566037735849056,0.1478723404255319,0.1684475172847266,0.15946843853820597,0.14676258992805755,0.19753086419753085,0.20557491289198607,0.17076502732240437,0.1798800799467022,0.17309205350118018,0.2336065573770492,0.15495207667731628,0.1366906474820144,0.117096018735363,0.16197975253093364
1425168000,0.20636942675159237,0.17410296411856474,0.22660098522167488,0.1657754010695187,0.17040358744394618,0.2270938729623384,0.1924953095684803,0.1527777777777778,0.19967355821545157,0.20586025544703232,0.14146341463414633,0.17732366512854317,0.1862621154656553,0.21195973949082297,0.21114106019766396,0.20486935866983372,0.20658849804578447,0.16716716716716717,0.1881886293521375,0.24971098265895952,0.18395155185465556,0.13994169096209913,0.22540781018289668,0.17410714285714285,0.15979381443298968,0.2577833125778331,0.22128525734225066,0.19583392376363895,0.23484848484848486,0.1814663023679417,0.2646147032772365,0.18211206896551724,0.21402877697841727,0.14505442498816848,0.1817716333845366,0.12258573117855735,0.13975155279503104,0.1144961499832608,0.1608667104399212,0.1906744379683597,0.15393654524089306,0.210431654676259,0.16885743174924167,0.16156670746634028,0.10355177588794397,0.15894868585732166,0.08529411764705883,0.17422434367541767,0.17857142857142858,0.1541501976284585,0.13484251968503938,0.16283292978208233,0.15869786368260427,0.14239690721649484,0.18181818181818182,0.19527235354573483,0.15985130111524162,0.18502202643171806,0.19145690312738367,0.21794871794871795,0.16057233704292528,0.14056603773584905,0.1151685393258427,0.16396761133603238
1427846400,0.21049304677623262,0.1751061744527932,0.20298977183320221,0.1568409343715239,0.16666666666666666,0.22137818773738469,0.18927911275415896,0.1467324290998767,0.21724918280110636,0.20173707066719304,0.15003441156228492,0.1695026178010471,0.18618988902589395,0.20605700712589073,0.22165325530358448,0.21296014602981442,0.2089097952407305,0.17364657814096016,0.19837691614066727,0.2454713493530499,0.20692249811888638,0.1374067699368904,0.21683673469387754,0.1764135702746365,0.16266666666666665,0.2482837528604119,0.20907418761496016,0.19245975713075403,0.22644049542272482,0.17728136882129278,0.25536672629695883,0.17570422535211266,0.2147820593809223,0.1483166515013649,0.18486096807415037,0.12023346303501946,0.1401500197394394,0.11096389532957933,0.16043507817811012,0.1769041769041769,0.17569659442724458,0.19926739926739928,0.17531120331950206,0.15746180963572268,0.10786868160500261,0.15489467162329615,0.08137510879025239,0.1705521472392638,0.1648706896551724,0.1481723237597911,0.1401015228426396,0.14579552329098608,0.1589958158995816,0.13370646766169153,0.1826086956521739,0.1942675159235669,0.17063989962358847,0.17469560614081525,0.1890625,0.22355769230769232,0.15527065527065528,0.1499482936918304,0.11127167630057803,0.15338645418326693
1430438400,0.21419270833333334,0.1722341403616304,0.21842732327243844,0.16612021857923498,0.14460784313725492,0.2165532879818594,0.18914728682170542,0.14347826086956522,0.20402157920549288,0.20627980922098568,0.15529247910863508,0.17423230974632845,0.18204911092294665,0.19681177191906807,0.2018867924528302,0.20603015075376885,0.20562705776713558,0.17429837518463812,0.1965025310630465,0.2501921598770177,0.19954819277108435,0.1395481841578496,0.22895974908520647,0.1814331097776209,0.1598470363288719,0.2457293035479632,0.21806298276886513,0.1948659764572401,0.2167851284855112,0.1821123180032355,0.26082970433188174,0.1887062187276626,0.20235878336436997,0.15082411379543914,0.17945513621594603,0.12341642827952595,0.13901345291479822,0.11758511758511758,0.15458627325208468,0.17724755006391138,0.15381460213289583,0.19197080291970803,0.17094017094017094,0.1670854271356784,0.0975609756097561,0.15375153751537515,0.08172871202396234,0.17391304347826086,0.179596174282678,0.14464534075104313,0.14651639344262296,0.16512166859791425,0.15727948990435706,0.13836898395721925,0.1958997722095672,0.1825813221406086,0.16584158415841585,0.17814009661835747,0.17208564631245044,0.21510883482714468,0.15086206896551724,0.13047619047619047,0.11524947294448348,0.15524193548387097
1433116800,0.20253929866989118,0.1762152777777778,0.21320182094081944,0.146875,0.16572077185017026,0.2295890410958904,0.1841258491240615,0.14928057553956833,0.20356425702811246,0.1986754966887417,0.14305177111716622,0.19137818419333769,0.18633791430881164,0.2028301886792453,0.23066485753052918,0.2059675550405562,0.20938529088913282,0.17315814171750352,0.2011468901632113,0.25800515274199487,0.16690442225392296,0.13688104723961297,0.21062618595825428,0.1718892607240645,0.15580524344569288,0.22910216718266255,0.21701492537313433,0.18839977851605758,0.21746160064672596,0.17089049058358521,0.260628070925016,0.18434782608695652,0.21485088253195375,0.14285714285714285,0.172396486825596,0.12976235382874388,0.14362806143628062,0.12323365100230037,0.16297786720321933,0.17614091273018415,0.15226939970717424,0.1902212705210564,0.18979591836734694,0.1567209162145871,0.0958904109589041,0.1478463329452852,0.0762745885186672,0.18181818181818182,0.1792452830188679,0.15166204986149584,0.1533396048918156,0.13392857142857142,0.16322517207472959,0.14476885644768855,0.18488372093023256,0.17992424242424243,0.1545778834720571,0.16554433221099887,0.16653992395437262,0.22343921139101863,0.15134370579915135,0.1424682395644283,0.09876543209876543,0.14393226716839136
1435708800,0.20320855614973263,0.1765366264383946,0.20908435472242248,0.1643700787401575,0.14912280701754385,0.22409258285113098,0.18682891911238367,0.15389082462253195,0.21355853771402128,0.20043652237177156,0.15453960077269802,0.18128654970760233,0.19125475285171104,0.2010928961748634,0.21792763157894737,0.20057388809182208,0.2139726733694251,0.16456266907123535,0.19909502262443438,0.25278940027894004,0.18338323353293412,0.13834823776959496,0.2162293488824101,0.17803468208092485,0.16141456582633054,0.2534908700322234,0.20461329715061058,0.19054478784704035,0.21097154575749807,0.17364657814096016,0.2603537981269511,0.17946127946127946,0.21009389671361503,0.14347264110297286,0.17760884588804424,0.12096460521197977,0.13595284872298624,0.12398500936914429,0.14475271411338964,0.16926677067082682,0.15719557195571957,0.19627749576988154,0.19600725952813067,0.16988636363636364,0.09814814814814815,0.1364124597207304,0.07998469192499043,0.20302375809935205,0.1811248808388942,0.14472863381160325,0.17824497257769653,0.15789473684210525,0.15023041474654378,0.15110851808634773,0.176033934252386,0.1882770870337478,0.14367160775370583,0.16322314049586778,0.1797676008202324,0.22494172494172493,0.16644823066841416,0.13711151736745886,0.10926049300466356,0.15480427046263345
1438387200,0.20148749154834347,0.17921036397285625,0.2112236944660951,0.17237798546209762,0.1548780487804878,0.21792807300053677,0.1780821917808219,0.15523932729624837,0.2147905098435134,0.19781553398058252,0.14714285714285713,0.1823020625415835,0.17662007623888182,0.19412822049131218,0.21012658227848102,0.20062402496099843,0.20839405421160012,0.15534979423868311,0.19043280182232347,0.2485593545908567,0.1803405572755418,0.13657142857142857,0.218798955613577,0.17006589268904926,0.16258607498087221,0.22860791826309068,0.21557426337943475,0.18533807829181495,0.21650618982118294,0.17065390749601275,0.26044725547775016,0.1775106082036775,0.22229259024699177,0.14802708381975252,0.1797223599405057,0.13200649878147847,0.13314332247557004,0.11397699546880447,0.17153996101364521,0.18094841930116473,0.16112828438948995,0.19025100036376863,0.17344961240310078,0.1603243917654398,0.10686274509803921,0.14720812182741116,0.08390705679862306,0.19948849104859334,0.1812227074235808,0.12995896032831739,0.14953271028037382,0.1502375296912114,0.14718162839248433,0.13803872579637727,0.1725,0.18881856540084388,0.15921052631578947,0.1674615792262851,0.1798084008843036,0.2084848484848485,0.16951566951566951,0.13099630996309963,0.1149090909090909,0.14601344860710855
1441065600,0.19369894982497082,0.17505854800936768,0.2095721537345903,0.17227319062181448,0.1478723404255319,0.2063081695966908,0.1877637130801688,0.14346214928533615,0.20332850940665703,0.20142268813178585,0.15635858234885336,0.1875,0.17876658860265418,0.210079275198188,0.2096247960848287,0.19818766442560654,0.2092027822364901,0.17172167707404104,0.19864176570458403,0.2491718807508281,0.20665742024965325,0.14138749670271697,0.22329603255340794,0.16895933014354067,0.16515755161173487,0.24822695035460993,0.22180451127819548,0.18630722007206726,0.22033448367401115,0.1658312447786132,0.25547755796639016,0.17539787798408488,0.2121030557219892,0.1453386103781882,0.18396117402357293,0.13346456692913386,0.12991518889745568,0.11835506519558676,0.15864197530864196,0.16880093131548313,0.16584998115341124,0.20315119007710358,0.1876777251184834,0.15708358032009484,0.0976926853215513,0.14601769911504425,0.0823716673298846,0.17508813160987075,0.17280163599182005,0.14516129032258066,0.1554054054054054,0.13274336283185842,0.1589793915603533,0.1486650485436893,0.19926650366748166,0.17170731707317075,0.17809734513274336,0.18556701030927836,0.1757035003431709,0.21896162528216703,0.1763869132290185,0.13043478260869565,0.10719225449515905,0.1411439114391144
1443657600,0.18600777345918934,0.17445838084378562,0.2143401983218917,0.16942148760330578,0.14573991031390135,0.22917771883289126,0.17679749913164294,0.14301613800779076,0.20767694697137787,0.20144706778370144,0.14361350099272005,0.18765432098765433,0.1816083108888034,0.19831460674157303,0.2007042253521127,0.20630372492836677,0.20567375886524822,0.16895179124281293,0.18296392872664058,0.25,0.213840830449827,0.1423076923076923,0.215311004784689,0.17340212095156204,0.16583094555873926,0.23380566801619435,0.2142443543717429,0.18405472964083675,0.21880794701986755,0.1657142857142857,0.26358063834284506,0.18247220405493786,0.20533010296789825,0.14704595185995623,0.18903855085926613,0.1278648974668275,0.1423841059602649,0.12288276320159415,0.14807930607187111,0.17109826589595376,0.1628858311640015,0.1985170205594877,0.1903914590747331,0.16325401217487548,0.10065237651444547,0.14767932489451477,0.07142857142857142,0.17592592592592593,0.17557251908396945,0.13154533844189017,0.14202898550724638,0.14125799573560768,0.15670910871694418,0.14294294294294294,0.19726339794754846,0.18526100307062435,0.18275862068965518,0.1651376146788991,0.16666666666666666,0.20914285714285713,0.16301369863013698,0.12578055307760927,0.1088348271446863,0.14248704663212436
1446336000,0.19230769230769232,0.17883979561166216,0.19051262433052793,0.18936170212765957,0.15845070422535212,0.21937942297223734,0.1806379821958457,0.14575411913814956,0.20469459868753154,0.19873817034700317,0.15664335664335666,0.17826375082836315,0.17586343787217149,0.2084592145015106,0.1948160535117057,0.19877675840978593,0.2012948793407887,0.16497339138848574,0.19409866297833103,0.2557874762808349,0.21517241379310345,0.1365505895256375,0.22115384615384615,0.17034504196456327,0.16775682954982685,0.2576832151300236,0.22018927444794953,0.1852728285077951,0.212998361551065,0.16599732262382866,0.261348897535668,0.1754010695187166,0.21281891723708773,0.15091360252650576,0.19034720512189116,0.12184508268059181,0.12792079207920792,0.12482168330955777,0.16677398583386993,0.18410852713178294,0.1560448049439938,0.20517241379310344,0.172147001934236,0.1661756040070713,0.09805873568939771,0.15484633569739953,0.07803223070398643,0.18765743073047858,0.17119838872104734,0.1251604621309371,0.13675213675213677,0.12966360856269113,0.1709577754891864,0.15625,0.2124223602484472,0.19611650485436893,0.15376106194690264,0.16354625550660792,0.1736842105263158,0.22291407222914073,0.16295264623955433,0.13918017159199236,0.11618257261410789,0.152014652014652
1448928000,0.1925133689839572,0.1790172642762284,0.20293911826452066,0.16743755781683625,0.13926940639269406,0.2129817444219067,0.1778984350047908,0.14018691588785046,0.20746507900160294,0.2016624503071919,0.15543071161048688,0.19681791396582204,0.17293233082706766,0.21066810344827586,0.2157558552164656,0.20732048058116792,0.20031015766347893,0.17543859649122806,0.1921020156314274,0.2469429347826087,0.193717277486911,0.13978228599703119,0.23111714156490276,0.1763380281690141,0.16803559206023272,0.24313725490196078,0.21810130085801274,0.18212290502793296,0.22402912621359222,0.16683080559385463,0.26023856858846917,0.1878331765443713,0.21504739336492892,0.1503281378178835,0.18209741114523914,0.13294587722484563,0.13559941520467836,0.116382036685642,0.16046369737644905,0.17246175243393602,0.15488936473947182,0.20713609093779603,0.1646234676007005,0.16648471615720525,0.10004486316733961,0.15282051282051282,0.07656791073489803,0.1670353982300885,0.16621004566210046,0.13068508923431202,0.13998170173833485,0.1394279877425945,0.16574585635359115,0.14645308924485126,0.1993047508690614,0.2042594385285576,0.14596949891067537,0.15637651821862347,0.1694462975316878,0.23076923076923078,0.16120906801007556,0.1435483870967742,0.12388818297331639,0.14520098441345364
1451606400,0.20825852782764812,0.18105515587529977,0.1989121989121989,0.17400644468313642,0.16363636363636364,0.20817438692098092,0.17251570003694125,0.1423529411764706,0.19887886912015598,0.1974652493867539,0.1507607192254495,0.1810048176187199,0.17779565567176187,0.20599250936329588,0.19775474956822106,0.20320855614973263,0.19483101391650098,0.17566885411408378,0.18360655737704917,0.23981005144440048,0.17714285714285713,0.13700918964076858,0.22766078542970974,0.17388613861386137,0.15944806439248754,0.24541284403669725,0.21692636724717385,0.18417816641617707,0.21499176276771004,0.15820698747528017,0.26832548755884333,0.18125430737422468,0.20976491862567812,0.1513589503280225,0.19031954887218044,0.12244027303754267,0.13555194805194806,0.12273057371096587,0.1511318242343542,0.16928025733815844,0.15547169811320755,0.20034904013961605,0.1685823754789272,0.1617298578199052,0.10065756196256954,0.13785310734463277,0.077733860342556,0.19331742243436753,0.163,0.13607188703465983,0.1486220472440945,0.1360381861575179,0.16369359916054566,0.14671052631578949,0.20722891566265061,0.19461077844311378,0.15394402035623408,0.1628588166373755,0.1695906432748538,0.21722365038560412,0.1527777777777778,0.14109848484848486,0.10500352360817478,0.1431175934366454
1454284800,0.2014607425441266,0.17414664981036662,0.20451127819548873,0.16236559139784945,0.14993804213135067,0.20988310308182784,0.17283507006827165,0.14605418138987045,0.20694752402069475,0.21324448146605582,0.15319148936170213,0.18070652173913043,0.1871178149205055,0.20899303356554783,0.20826580226904376,0.20423412204234123,0.18825214899713466,0.1607987388334209,0.17287977632805218,0.24377716317661002,0.17963224893917965,0.13931190073322053,0.21259079903147698,0.17100030590394616,0.16972477064220184,0.24739884393063583,0.21304210193099082,0.18924731182795698,0.21562658548959918,0.16490532804931748,0.2603681525837214,0.17192484934420418,0.20122699386503068,0.1499312242090784,0.19795051237190703,0.12050832602979843,0.1265406737880033,0.11864984657347426,0.1674740484429066,0.1683673469387755,0.1552132701421801,0.19706198495163024,0.17575757575757575,0.15805109922756982,0.10119047619047619,0.12967032967032968,0.07640354579991558,0.1796875,0.16066212268743915,0.1436893203883495,0.12648221343873517,0.1401766004415011,0.15407262021589793,0.14303560274828234,0.20492866407263294,0.18333333333333332,0.14492753623188406,0.15792646172393007,0.16690962099125364,0.21446078431372548,0.16666666666666666,0.13583815028901733,0.10428571428571429,0.14113277623026926
1456790400,0.20159908623643633,0.17584994138335286,0.20812182741116753,0.1695906432748538,0.12585812356979406,0.21652003910068426,0.17834836918806385,0.1473429951690821,0.20804755372656608,0.2030757097791798,0.1553966189856957,0.19266666666666668,0.1884441087613293,0.21598147075854082,0.20632133450395082,0.2096282754418038,0.18459915611814345,0.16130434782608696,0.19724967769660506,0.24092779648335205,0.1991495393338058,0.13797566658037794,0.21155885471898198,0.17332944266121972,0.16519499632082413,0.2334384858044164,0.21842184218421842,0.19299184164771968,0.2036018009004502,0.16602564102564102,0.25892291446673704,0.17529610829103215,0.2067390062821245,0.15084175084175083,0.196959534987704,0.13665120202446226,0.12707405908539052,0.11446375860938013,0.17026683608640406,0.1646525679758308,0.1589988958410011,0.19291338582677164,0.17150395778364116,0.15406643757159222,0.10244786944696282,0.1415752741774676,0.07258064516129033,0.18452380952380953,0.1728395061728395,0.14826113483831604,0.15447897623400367,0.14674493062966915,0.15583173996175909,0.14634146341463414,0.188422247446084,0.17669172932330826,0.13647058823529412,0.16090584028605484,0.17117117117117117,0.21235955056179776,0.16593886462882096,0.13802315227070347,0.11,0.1527777777777778
1459468800,0.20582986317668056,0.18139262726740785,0.1929587000677048,0.17068466730954676,0.1414141414141414,0.21248741188318226,0.17819148936170212,0.1400414937759336,0.2102706453851492,0.2044952100221076,0.14909544603867747,0.19245049504950495,0.1913275009509319,0.19862227324913892,0.21635311143270622,0.2197644355070382,0.19408945686900958,0.1631104788999526,0.1845365228534814,0.25060911938739994,0.1731984829329962,0.13422291993720564,0.21444593988335575,0.16760247052217855,0.16554651574106827,0.20378151260504201,0.21719858156028368,0.1900815745176745,0.21258023106546856,0.1689351481184948,0.25208159866777685,0.17950413223140496,0.2060849598163031,0.1462760470394058,0.19951067615658363,0.13075268817204302,0.11508425811755035,0.12227362855254462,0.17290322580645162,0.182987848463188,0.15129151291512916,0.1953150775321676,0.16306306306306306,0.16258351893095768,0.09817045961624275,0.12437810945273632,0.07721280602636535,0.17921146953405018,0.15861440291704648,0.1261101243339254,0.15096065873741996,0.14293567894447498,0.1559040590405904,0.13033033033033034,0.18622174381054898,0.16651904340124005,0.14913294797687862,0.15898174831892412,0.16535994297933002,0.20546448087431693,0.16204379562043797,0.13252032520325202,0.09770114942528736,0.14619883040935672
1462060800,0.19328703703703703,0.18857860056479447,0.21112696148359486,0.16495901639344263,0.13161131611316113,0.20876288659793815,0.18223475502291153,0.15550239234449761,0.20178399228543878,0.2017900732302685,0.14651773981603153,0.18875502008032127,0.18869365928189458,0.2,0.20650406504065041,0.21812688821752266,0.19052803483941208,0.1643652561247216,0.18725274725274726,0.24470134874759153,0.17721518987341772,0.1350606394707828,0.21813953488372093,0.16623376623376623,0.16492926284437825,0.24107142857142858,0.21692636724717385,0.1924277378205998,0.21660555264536407,0.16499251976918144,0.25320371188687585,0.17474747474747473,0.22921760391198043,0.1453900709219858,0.2019921241602965,0.14129059468578659,0.11566731141199227,0.12643312101910828,0.17282321899736147,0.17580707895760406,0.15785350567959264,0.18947742623533595,0.16456921587608905,0.15226586102719034,0.10058309037900874,0.12845010615711253,0.07567786321327398,0.17073170731707318,0.166044776119403,0.14385150812064965,0.1580916744621141,0.14621559633027523,0.16309887869520898,0.14734895191122072,0.1943127962085308,0.18533201189296333,0.1282367447595561,0.161543098251959,0.17105263157894737,0.18344519015659955,0.1780821917808219,0.14285714285714285,0.0990990990990991,0.14855072463768115
1464739200,0.1925601750547046,0.18076195622804647,0.20232399179767602,0.16666666666666666,0.1413551401869159,0.19156327543424317,0.1793126913916298,0.14178705189941146,0.21023640119348175,0.19538053767512306,0.14534883720930233,0.17997293640054127,0.18557084417999256,0.21230942970073405,0.19102861562258314,0.2184633027522936,0.1903061224489796,0.15701017249004864,0.18556263269639064,0.24912770411723656,0.19152970922882429,0.1329708353929807,0.2068811438784629,0.16333333333333333,0.15928895085395608,0.23555070883315157,0.2152504220596511,0.1891891891891892,0.2044334975369458,0.1704355108877722,0.2532797291578502,0.17262083458420896,0.22100403923831505,0.15336631533663153,0.20107478728168382,0.127859477124183,0.11897475133894414,0.11663066954643629,0.17256637168141592,0.18018018018018017,0.14945454545454545,0.17704807041299933,0.17361702127659576,0.15212527964205816,0.09332732191163211,0.14649033570701933,0.06922784328642069,0.18213058419243985,0.16873212583412775,0.14374646293152235,0.1497326203208556,0.12486064659977704,0.15071090047393365,0.1450381679389313,0.2061742006615215,0.18413597733711048,0.12059158134243458,0.16369359916054566,0.17479674796747968,0.21308016877637131,0.1440922190201729,0.13114754098360656,0.10694183864915573,0.14021830394626364
1467331200,0.20735785953177258,0.18652849740932642,0.20160701241782322,0.1560418648905804,0.13959085439229843,0.19176654507556018,0.17920427950518222,0.13993362831858408,0.21484653818700927,0.20123839009287925,0.150625,0.1803818301514154,0.18146866589773164,0.2066590126291619,0.19934906427990237,0.2235748218527316,0.20187667560321715,0.17277486910994763,0.1909013605442177,0.2529080675422139,0.18584070796460178,0.13739485087942901,0.2316715542521994,0.168755464879044,0.16701461377870563,0.22567287784679088,0.21467391304347827,0.18817546090273363,0.21451733599401346,0.1693067270109031,0.25823591923485656,0.16177429876060012,0.2329009433962264,0.15207780725022105,0.20440608675902794,0.12687188019966722,0.11350519430550211,0.11132254995242626,0.1786833855799373,0.17584579071597167,0.15818181818181817,0.1659891598915989,0.16171328671328672,0.16868798235942667,0.09721588315837518,0.1458551941238195,0.07109375,0.18250950570342206,0.16910420475319926,0.13743815283122596,0.1470335339638865,0.13179571663920922,0.1553030303030303,0.16193853427895982,0.1688622754491018,0.17839444995044598,0.1410105757931845,0.15212264150943397,0.1697054698457223,0.2081447963800905,0.15416098226466576,0.13527851458885942,0.10385144429160935,0.1397489539748954
1470009600,0.18785796105383734,0.18670711527854386,0.20299727520435967,0.17850467289719626,0.158311345646438,0.1912960306073649,0.18132427843803056,0.13703284258210646,0.2043138184403887,0.203690036900369,0.1512401693889897,0.17288557213930347,0.17619220968329086,0.21132516053706946,0.21481481481481482,0.20942094209420942,0.19365652398143374,0.17503519474425153,0.17151162790697674,0.2503481894150418,0.1782178217821782,0.13552361396303902,0.21952296819787986,0.17661225582017662,0.1632583503749148,0.24472573839662448,0.21464128843338215,0.18571785892946474,0.20589705147426288,0.17130712008501595,0.25970521071206143,0.18006830176963676,0.2075801749271137,0.15688322540213076,0.20725508317929758,0.1298342541436464,0.12315875613747954,0.11239193083573487,0.16872160934458144,0.1654275092936803,0.16109530583214793,0.17391304347826086,0.1710414902624894,0.15959821428571427,0.09379247847757137,0.11489776046738072,0.07537878787878788,0.1931119311193112,0.17164179104477612,0.11860595840359753,0.1565703634669152,0.13512004466778335,0.16999050332383667,0.13602941176470587,0.19344262295081968,0.18494423791821563,0.11877828054298642,0.1609322974472808,0.17346938775510204,0.23210412147505424,0.14721485411140584,0.1285591026747196,0.10829639012032932,0.1327659574468085
1472688000,0.19176598049837487,0.18698021221680527,0.1946264744429882,0.15901060070671377,0.14868421052631578,0.19168831168831169,0.19232010325911583,0.14301552106430154,0.20259503755975417,0.20051413881748073,0.15475450590428838,0.1831357048748353,0.18483063328424154,0.20417124039517015,0.195850622406639,0.21073786965259833,0.18582225697159238,0.16623931623931623,0.17507294706127552,0.23967774420946628,0.17073170731707318,0.13989507869098175,0.2258485639686684,0.16634105498185878,0.15907545887151597,0.23156801661474558,0.2118596881959911,0.18186436372872747,0.21444638840289929,0.16955369879763604,0.2607274213322436,0.17641418983700863,0.21647727272727274,0.14369310793237972,0.20714608774310267,0.13049040511727078,0.12377977352596642,0.11645962732919254,0.16113458056729027,0.17425668046669177,0.16,0.1725067385444744,0.14936708860759493,0.17540983606557378,0.10122560145256468,0.12897196261682242,0.07096774193548387,0.1895734597156398,0.17296786389413987,0.13807285546415982,0.16246741963509992,0.1406333870101986,0.17589893100097181,0.14480408858603067,0.18961625282167044,0.1742957746478873,0.12527716186252771,0.15758229897463572,0.16837387964148529,0.20043572984749455,0.14597544338335608,0.12852664576802508,0.10170603674540682,0.13562091503267973
1475280000,0.18699654775604144,0.17900709219858155,0.20300751879699247,0.1542192046556741,0.15227272727272728,0.1853146853146853,0.17421361908053923,0.1458100558659218,0.21136094674556213,0.2017781213761113,0.16585067319461444,0.17431803060545575,0.17611489040060468,0.21675454012888107,0.21996615905245348,0.2125618811881188,0.1897810218978102,0.16496846191169334,0.17300131061598953,0.24714394516374713,0.18408941485864563,0.14114583333333333,0.2262357414448669,0.1693503609106052,0.1583916083916084,0.23554603854389722,0.20936395759717313,0.18621663244353182,0.21667091511598266,0.16256800870511426,0.26390380073008374,0.19358041032428855,0.20544554455445543,0.14434180138568128,0.20495120209473935,0.12983065566652194,0.12737642585551331,0.11628654031480887,0.16643835616438357,0.16835699797160245,0.16521423384168482,0.17972350230414746,0.15632754342431762,0.16792249730893433,0.09278350515463918,0.13457556935817805,0.0687175389532561,0.16136919315403422,0.17123935666982024,0.12862108922363846,0.1412280701754386,0.146836912362159,0.1484593837535014,0.12986198243412797,0.1997563946406821,0.1907459867799811,0.099882491186839,0.15481171548117154,0.18428571428571427,0.2196652719665272,0.1751412429378531,0.13036303630363036,0.09973753280839895,0.11996497373029773
1477958400,0.18295589988081049,0.17924271315717788,0.21082621082621084,0.1442400774443369,0.15258215962441316,0.20463917525773195,0.1744,0.1499138426191844,0.20162790697674418,0.2052709725315516,0.14460036607687615,0.17088607594936708,0.17591897974493623,0.2108991825613079,0.20206022187004755,0.21557251908396946,0.17754777070063693,0.14782244556113902,0.17726887192536048,0.2502628811777077,0.1563949635520212,0.1366412213740458,0.22373358348968106,0.173512154233026,0.15782358905035485,0.24434876210979548,0.20852668213457076,0.184579739992277,0.21238497886097985,0.1719758484280658,0.2618401836010849,0.17479541734860884,0.21481028151774786,0.14700996677740863,0.1988412514484357,0.12618296529968454,0.13757861635220126,0.10862299465240642,0.17382683410442828,0.16765799256505576,0.1640625,0.17254364943512496,0.16927083333333334,0.15711947626841244,0.09484265734265734,0.12742382271468145,0.0751004016064257,0.18932038834951456,0.16918714555765596,0.1331815594763802,0.13991416309012875,0.12719050310910118,0.17119565217391305,0.13255131964809383,0.18863879957127547,0.19879518072289157,0.11907386990077178,0.14608599779492834,0.16961852861035423,0.1942919868276619,0.15983026874115983,0.13895993179880647,0.0933075933075933,0.12941176470588237
1480550400,0.18552695483244294,0.17963752665245203,0.20504731861198738,0.1584601611459266,0.1581986143187067,0.19494756911344138,0.1795519091195961,0.15195822454308094,0.21074026529738982,0.20433996383363473,0.15971814445096888,0.1856971153846154,0.18806509945750452,0.2068785825951016,0.2205029013539652,0.21182826272391242,0.19196865817825662,0.15183466891606917,0.17844017966516945,0.2470389170896785,0.15928659286592867,0.1452074391988555,0.23173913043478261,0.17447579601346105,0.1667763157894737,0.21695257315842584,0.21054131054131053,0.1818518061891259,0.21830985915492956,0.17555373256767842,0.2655974965773518,0.18303293971410814,0.21995332555425903,0.14824173510212676,0.20312165918323713,0.12151002752654345,0.14168157423971378,0.11915159076731129,0.1691542288557214,0.17429837518463812,0.1821743388834476,0.17932628797886394,0.15272136474411047,0.15938303341902313,0.10101010101010101,0.12290502793296089,0.07354639969195226,0.18518518518518517,0.1813773035887488,0.12970027247956403,0.14412024756852343,0.13609782030834663,0.14870881567230632,0.13623354321694334,0.2100558659217877,0.21114106019766396,0.1291005291005291,0.1553455404607206,0.16621253405994552,0.19595959595959597,0.17647058823529413,0.13343677269200932,0.10382513661202186,0.14238134887593673
1483228800,0.18962536023054755,0.175513698630137,0.20180932498260265,0.15939086294416244,0.16279069767441862,0.19968387776606955,0.17470664928292046,0.1387419165196943,0.20858164481525626,0.1883720930232558,0.15106520335700452,0.17780840799448655,0.16923076923076924,0.20791527313266445,0.19076655052264807,0.20377952755905512,0.18839021768341843,0.15640449438202247,0.1695308871342313,0.24500565397663024,0.17639593908629442,0.13902501934485426,0.22541382667964946,0.1744186046511628,0.15534324133050248,0.2205240174672489,0.20628455048006983,0.18012422360248448,0.22042596869386707,0.18774940143655228,0.26488161097587964,0.17746568783913183,0.21294498381877022,0.14678052157858296,0.20714630613230323,0.13316369804919423,0.13738920225624496,0.1084377059986816,0.16473616473616473,0.17233201581027668,0.16807649871276203,0.17745454545454545,0.14096916299559473,0.1530085959885387,0.09639681796911559,0.12448559670781893,0.0703223105902051,0.19597989949748743,0.17046580773042616,0.13230035756853398,0.13949275362318841,0.14251639833035182,0.1617933723196881,0.1520402459474567,0.20143027413587605,0.17583497053045186,0.1207464324917673,0.1559681697612732,0.15406562054208273,0.19438444924406048,0.16689655172413792,0.13189655172413794,0.09644322845417237,0.13667820069204153
1485907200,0.19067296340023612,0.18192627824019025,0.19618320610687023,0.16039823008849557,0.1576158940397351,0.19726775956284154,0.18835496317081726,0.15247170935080406,0.19839679358717435,0.19250906161900927,0.15964063579820317,0.18863955119214587,0.17419354838709677,0.20525657071339173,0.20284995808885165,0.20768229166666666,0.1893917555491496,0.16348507097405776,0.15937940761636107,0.24229418650019507,0.16404647983595352,0.14285714285714285,0.22396359959555107,0.17298578199052134,0.16178107606679035,0.22525597269624573,0.20701754385964913,0.18317522321428573,0.20846560846560847,0.17740906190172304,0.2670306195110373,0.1652690426275332,0.22119815668202766,0.14857416726575606,0.2035043804755945,0.13286052009456265,0.12270450751252086,0.11232779936418227,0.18579234972677597,0.16268343815513628,0.1705367339170156,0.18853754940711462,0.1509785647716682,0.16810592976396085,0.0967144840351689,0.11732456140350878,0.07037358818418767,0.18064516129032257,0.18910585817060638,0.13720316622691292,0.14407582938388624,0.13761467889908258,0.16004296455424274,0.13345633456334563,0.20076726342711,0.19161676646706588,0.1152542372881356,0.1587205793602897,0.17579908675799086,0.1951219512195122,0.17417417417417416,0.14001806684733514,0.09058740268931352,0.1440071556350626
1488326400,0.19129979035639413,0.18421761378938864,0.20326223337515684,0.14504504504504503,0.1551912568306011,0.20962199312714777,0.17979920900517188,0.14898989898989898,0.20238095238095238,0.19674402493938345,0.15105386416861827,0.1852995676343422,0.1693213296398892,0.20887991927346114,0.19733750978856696,0.2028480092996222,0.19014607576132705,0.15534804753820033,0.16342254663422548,0.23599439775910364,0.15988538681948425,0.13730139909888547,0.23139745916515425,0.17069327731092437,0.1710942441492726,0.22833843017329256,0.21178686759956944,0.17499084137257295,0.21473128598848368,0.17500977708251858,0.25768995722143,0.17517578722103333,0.20791494388659185,0.1458149779735683,0.1930247861373108,0.12096460521197977,0.1327334083239595,0.11493123772102161,0.15773630343166767,0.1727109515260323,0.1670488044546348,0.18743667679837892,0.13636363636363635,0.17760416666666667,0.08368026644462948,0.11060743427017226,0.0749514563106796,0.18292682926829268,0.1781450872359963,0.12555309734513273,0.13,0.13137948458817586,0.16793893129770993,0.1185226019845645,0.20230607966457023,0.17158176943699732,0.14330874604847207,0.15842636895268475,0.16146916146916146,0.18067226890756302,0.16466346153846154,0.13662551440329218,0.08866995073891626,0.1405152224824356
1491004800,0.19071310116086235,0.18341634925285671,0.19559032716927455,0.15308151093439365,0.16287878787878787,0.1956521739130435,0.17195325542570952,0.14553472987872107,0.1981782373215165,0.1914308176100629,0.14445173998686803,0.18990889978976874,0.1795817958179582,0.2043673012318029,0.20629660314830156,0.20562275253350767,0.2004601668104688,0.16769596199524942,0.1672661870503597,0.24848915748311412,0.1567258883248731,0.13594771241830064,0.23108176739461656,0.1726872246696035,0.16435024322446143,0.23660714285714285,0.21625964010282778,0.17927134026042352,0.2120980091883614,0.18231122236128494,0.27147766323024053,0.1745773732119636,0.20038046924540268,0.14491725768321512,0.193033381712627,0.12925764192139738,0.13409475465313028,0.13315309226089894,0.18120805369127516,0.1712795828319294,0.167646042170757,0.17957106506724826,0.14827890556045895,0.1643835616438356,0.09717568214456677,0.1253616200578592,0.07650273224043716,0.18032786885245902,0.18002081165452655,0.11208406304728546,0.14272727272727273,0.14317673378076062,0.1533678756476684,0.12784588441331,0.21481481481481482,0.18837675350701402,0.11488862837045721,0.15776986951364175,0.16642228739002932,0.18786464410735124,0.16931982633863965,0.1387126019945603,0.09566903684550743,0.14010507880910683
1493596800,0.19257665411511565,0.17734806629834254,0.19271523178807948,0.16221374045801526,0.15011037527593818,0.1966067864271457,0.17564182842830306,0.15668449197860962,0.20868765800965294,0.1961977186311787,0.14539877300613496,0.17409470752089137,0.18265343623667768,0.21041982802225595,0.1942675159235669,0.20621043111245102,0.19694221300855144,0.15384615384615385,0.16025641025641027,0.24276246948029298,0.16173570019723865,0.13424591738712777,0.23436083408884859,0.17925267833812386,0.1660731628358692,0.24330900243309003,0.20902255639097744,0.18196659550420696,0.21232012118151983,0.17413622902270484,0.2684268426842684,0.17557959814528593,0.2168141592920354,0.14974675181678043,0.18956714761376248,0.12327095199349064,0.14222222222222222,0.11919898283534647,0.16852459016393442,0.1673608481635744,0.1758879781420765,0.1737231182795699,0.13076278290025148,0.16249334043686733,0.09307553956834533,0.12313803376365443,0.07854630715123095,0.1693181818181818,0.1840607210626186,0.11583659764969222,0.15533165407220823,0.13745892661555312,0.16419294990723562,0.12706270627062707,0.21653084982537835,0.17410714285714285,0.11182108626198083,0.14411927112092768,0.1614950634696756,0.18915801614763553,0.16312997347480107,0.12166666666666667,0.08706166868198308,0.13640098603122433
1496275200,0.18961038961038962,0.17938420348058903,0.18548387096774194,0.1431244153414406,0.15965480043149946,0.20095923261390888,0.17849462365591398,0.1588447653429603,0.20174652933273624,0.18960138648180241,0.15701492537313433,0.18587608261159227,0.17502706604114038,0.21144278606965175,0.19591527987897125,0.20457175925925927,0.19023267706468933,0.16523235800344235,0.15869657215404148,0.24671169569854248,0.15842839036755388,0.13534018600097894,0.2277533039647577,0.17944745675187193,0.1627469426152399,0.23582358235823583,0.2129350506988216,0.1804399154964583,0.22136297728371193,0.1873046875,0.26103247293921733,0.17726454709058187,0.2265807962529274,0.14520062070494347,0.19319938176197837,0.12230800487606663,0.1374017222014227,0.1250402835965195,0.17715768981181051,0.17391304347826086,0.16472157385795266,0.172991452991453,0.1482758620689655,0.16127426580388252,0.0962517353077279,0.12235067437379576,0.07388973966309341,0.1733181299885975,0.16829745596868884,0.11185223191380195,0.1426086956521739,0.14210802307288936,0.1643835616438356,0.12147984538928769,0.20585048754062837,0.18376449598572703,0.10961737331954498,0.16792562463683905,0.16244002741603839,0.1811111111111111,0.15270935960591134,0.12952534191472245,0.09993943064809206,0.139426800929512
1498867200,0.20361509835194044,0.17185792349726775,0.19629874421678783,0.1289701636188643,0.15693012600229095,0.19279553526128868,0.18021424070573408,0.14360587002096437,0.21031746031746032,0.1887072808320951,0.14153846153846153,0.18881578947368421,0.18082295205738014,0.20791583166332667,0.17316017316017315,0.2043935052531041,0.1991411701556629,0.15273037542662116,0.1671840354767184,0.25008576329331045,0.1776738749269433,0.1356143856143856,0.24438902743142144,0.1709424790710235,0.1753523434939364,0.2263959390862944,0.21426466254052462,0.18061277033985582,0.21847290640394088,0.17761557177615572,0.2572184262728675,0.17180347879157767,0.22326454033771106,0.14709110867178923,0.18914762741652022,0.11993313832010029,0.12740101920815367,0.12034383954154727,0.17973629424011103,0.17531718569780855,0.1706374758531874,0.17052023121387283,0.1403361344537815,0.1707708779443255,0.09410689812699863,0.12093862815884476,0.07333333333333333,0.16489988221436985,0.19454887218045114,0.11735537190082644,0.15476190476190477,0.1434108527131783,0.16314779270633398,0.12210288298473713,0.21070615034168566,0.17415215398716774,0.10613207547169812,0.14881693648816938,0.17150956768249467,0.20776255707762556,0.17209908735332463,0.13256006628003314,0.09554973821989529,0.14517506404782238
1501545600,0.18709327548806942,0.17696705690171521,0.20747422680412372,0.13940520446096655,0.15881147540983606,0.18879768227909222,0.17965895249695493,0.14937106918238993,0.20875343721356554,0.1931899641577061,0.1469512195121951,0.19490445859872613,0.18169304886441845,0.20451272203552567,0.21098459477561957,0.2105892910559378,0.18986693961105425,0.15351257588898526,0.16559226430298146,0.25017494751574526,0.16517857142857142,0.1354591225125869,0.22045929018789143,0.16916206987128973,0.1607717041800643,0.23976023976023977,0.21555622550497439,0.17914438502673796,0.22084721561161352,0.1783336695582005,0.25776926351638996,0.17396866005756315,0.22662721893491125,0.14120979162451952,0.1880304678998912,0.1154964686331533,0.12571646923958732,0.122508038585209,0.1737179487179487,0.17539863325740318,0.16275167785234898,0.17515274949083504,0.14518900343642613,0.157600406710727,0.09056122448979592,0.11803588290840415,0.07270606531881804,0.19248291571753987,0.20465116279069767,0.10794602698650675,0.14585079631181894,0.13740886146943354,0.1471698113207547,0.1332263242375602,0.1981672394043528,0.193923145665773,0.10855949895615867,0.16793478260869565,0.16759388038942977,0.18619246861924685,0.16318537859007834,0.12037037037037036,0.09634146341463415,0.13197586726998492
1504224000,0.2056772908366534,0.17405951712521056,0.18725617685305593,0.14341463414634145,0.1487513572204126,0.18847117794486215,0.17298136645962733,0.14820435002529084,0.1891828611566378,0.1890547263681592,0.15348007138607972,0.1832797427652733,0.16440366972477063,0.2056772908366534,0.1934156378600823,0.20965842167255594,0.19013524264120923,0.15733333333333333,0.17144078666096624,0.2472242783123612,0.16307893020221786,0.13454011741682975,0.22067686601761707,0.17567200651642684,0.15977871786527822,0.22415669205658323,0.21330064357952805,0.17315299221640934,0.21553250695674173,0.17880932556203163,0.25206971677559914,0.17851500789889416,0.2317596566523605,0.14930791921942366,0.1898054996646546,0.12220702234382125,0.11887014515496273,0.1105929380413058,0.17423312883435582,0.1784037558685446,0.18339895013123358,0.16005873715124816,0.14104729729729729,0.1593149974052932,0.09541454377026401,0.1211340206185567,0.0749211356466877,0.16824644549763032,0.1892147587511826,0.11691136487221315,0.13971880492091387,0.1412087912087912,0.1628131021194605,0.13278495887191538,0.19607843137254902,0.1863932898415657,0.12258796821793416,0.15531660692951016,0.16,0.1891304347826087,0.16032608695652173,0.1362530413625304,0.09771181199752628,0.14147431124348472
1506816000,0.20010422094841063,0.17786561264822134,0.20305242203052423,0.15079365079365079,0.14814814814814814,0.18813905930470348,0.16796875,0.14434060228452752,0.2008784096162737,0.18729096989966554,0.1479876160990712,0.1916955017301038,0.17128279883381925,0.19569672131147542,0.20124320124320125,0.2038083903600119,0.1879032258064516,0.1560410164957646,0.16316015457277802,0.25376196990424077,0.17728365384615385,0.13081540770385192,0.22625968992248063,0.177276390008058,0.16666666666666666,0.21995708154506438,0.2110944527736132,0.17815147300543685,0.21601941747572814,0.17151475975005387,0.24667583677212288,0.17426187419768935,0.20927237604636187,0.15238308346386217,0.19339727860807496,0.11782945736434108,0.14247619047619048,0.11380471380471381,0.16443189837685251,0.16743119266055045,0.17682926829268292,0.16824395373291273,0.1462979482604817,0.1590909090909091,0.09018917729872415,0.12979890310786105,0.0697582243361078,0.1793416572077185,0.20596727622714148,0.10647181628392484,0.14937759336099585,0.13709677419354838,0.15354713313896987,0.13167259786476868,0.2134433962264151,0.16947648624667258,0.12004405286343613,0.15077989601386482,0.1669054441260745,0.1875,0.17185385656292287,0.15683229813664595,0.09437386569872959,0.1225756400310318
1509494400,0.1940772078265468,0.1731489484298473,0.19053627760252365,0.14954128440366973,0.1553398058252427,0.19155354449472098,0.16338700059630293,0.1395582329317269,0.20202973802218552,0.19090581017683148,0.15216068167985392,0.18169934640522875,0.1787629603146228,0.2094958394517866,0.19473264166001597,0.19646600778676251,0.1874839041977852,0.15610859728506787,0.17824267782426778,0.2524339360222531,0.15786163522012578,0.13253928028383172,0.22358834244080145,0.1801679761582227,0.16716616716616717,0.23686818632309217,0.2056657223796034,0.17633900832608426,0.2097286726961623,0.1760687097403865,0.2549227186110523,0.17926829268292682,0.21189591078066913,0.14655744963471332,0.19671772428884027,0.11379310344827587,0.12563204978607545,0.10760978880321824,0.16801075268817203,0.17169737357898862,0.169375,0.15934844192634562,0.148636763412489,0.16564102564102565,0.08912739150723285,0.14095744680851063,0.07536907536907538,0.1633605600933489,0.1872015281757402,0.11372130272290443,0.13765182186234817,0.13358369098712447,0.15213178294573643,0.12203389830508475,0.20809248554913296,0.16335740072202165,0.11696522655426765,0.14367160775370583,0.15656565656565657,0.1837837837837838,0.16427640156453716,0.1496124031007752,0.10529482551143202,0.13926042486231313
1512086400,0.18618324350808427,0.1771117166212534,0.185,0.15135135135135136,0.14519650655021835,0.17257085020242915,0.171040444581661,0.1411192214111922,0.20541549953314658,0.18833922261484098,0.14812611540749554,0.1919446192573946,0.18057981138665735,0.19515738498789345,0.20406626506024098,0.20486632622409132,0.19246972090573986,0.1730390224674813,0.17476948868398995,0.2514927994380049,0.17439703153988867,0.1271247306679435,0.21904761904761905,0.17387710112978783,0.16817420435510888,0.22580645161290322,0.21269652921981608,0.18376177144311528,0.22414622414622415,0.17944725574153367,0.2556291390728477,0.1666153372343702,0.2300832342449465,0.15792894280762565,0.18840579710144928,0.11325400082068117,0.12997243009058684,0.12005191434133679,0.1671865252651279,0.16521739130434782,0.18024928092042186,0.1654162200785995,0.15008726003490402,0.16783567134268537,0.08656995788488535,0.13097345132743363,0.07874905802562171,0.16350210970464135,0.20375865479723046,0.10892172961138478,0.1443217665615142,0.14357262103505844,0.13904235727440148,0.1348628987129267,0.21026894865525672,0.18089053803339517,0.11723446893787576,0.14245495495495494,0.16630513376717282,0.18775510204081633,0.1861777150916784,0.13507109004739337,0.10418006430868167,0.14274193548387096
1514764800,0.18565400843881857,0.1805477920626048,0.1932938856015779,0.14066985645933014,0.14103923647932132,0.17981072555205047,0.16046726098985553,0.13671875,0.20362718089990817,0.18883476957662046,0.15234613040828762,0.19713728041639558,0.17169117647058824,0.20654911838790932,0.2054973821989529,0.20460664074184864,0.20111140513363324,0.15384615384615385,0.16034985422740525,0.2521097046413502,0.15915300546448088,0.13217522658610273,0.2248888888888889,0.17406417112299466,0.17073170731707318,0.23761375126390294,0.20741369552914543,0.17325344212136665,0.2115246098439376,0.16951596292481977,0.2532015277465738,0.16629285485421338,0.21238938053097345,0.15369217081850534,0.19308291342189648,0.12122432541280709,0.13142857142857142,0.12088285229202038,0.175625,0.1608060055314105,0.17809162934894937,0.16557257476294676,0.12843224092116917,0.16578108395324123,0.09065550906555091,0.13339466421343146,0.08102766798418973,0.167420814479638,0.1908675799086758,0.10887316276537834,0.12911843276936777,0.13540510543840178,0.14565826330532214,0.13257790368271954,0.2144638403990025,0.17796610169491525,0.10857763300760044,0.1541095890410959,0.16829451540195342,0.1856581532416503,0.18317503392130258,0.13247172859450726,0.10286062081558126,0.1363984674329502
1517443200,0.1832191780821918,0.17399323701198893,0.17955801104972377,0.14822335025380712,0.1431980906921241,0.18156267566048342,0.1565187478500172,0.13901345291479822,0.19884942471235617,0.19366993217784476,0.14963259853039412,0.19444444444444445,0.16591744993870045,0.1939978563772776,0.19842657342657344,0.21021488632824664,0.19164475606193399,0.1572769953051643,0.17255252570406795,0.24779411764705883,0.1655580192165558,0.13626189143816453,0.2288969445882962,0.17932677986297288,0.17574882713821724,0.2306805074971165,0.21681701030927836,0.1714878892733564,0.1987476177511571,0.17740471869328495,0.24836601307189543,0.18375774260151412,0.22958827634333567,0.15280790551940227,0.18385759570836382,0.1275831087151842,0.13066432028156622,0.11229357798165138,0.1676933607118412,0.1640893470790378,0.17751479289940827,0.166189111747851,0.14285714285714285,0.16311659192825112,0.08228800802809834,0.1275933609958506,0.0775709219858156,0.15796178343949044,0.19337606837606838,0.10736196319018405,0.13935144609991235,0.14524103831891225,0.14715025906735751,0.1431238332296204,0.20318237454100369,0.1794871794871795,0.11972633979475485,0.14871116986120292,0.15885623510722796,0.2037691401648999,0.17921686746987953,0.13901760889712697,0.09579288025889968,0.14157706093189965
1519862400,0.1908817635270541,0.17485159201295197,0.17501546072974644,0.1349134001823154,0.15513392857142858,0.1845996940336563,0.15594603074992155,0.1404728789986092,0.20122381736879266,0.19547775346462437,0.14285714285714285,0.1846459298477829,0.17381738173817382,0.19204655674102813,0.19693301049233253,0.19135802469135801,0.1902061855670103,0.16070640176600443,0.16374030216414864,0.24219590958019377,0.1620039037085231,0.12682685162249194,0.21096269000460618,0.17540938107132945,0.16436153103891926,0.25774225774225773,0.21063160903115175,0.17066456940621313,0.19878141660319879,0.17086834733893558,0.24734832414085703,0.17698836843759824,0.2113370301910043,0.14446952595936793,0.19552337063857803,0.1245406288280931,0.12751953928424517,0.12206732403944237,0.17578879587894397,0.16621569385388482,0.18540051679586564,0.16534008683068016,0.13286713286713286,0.1677115987460815,0.09937332139659803,0.13843175217812198,0.07954971857410882,0.16489988221436985,0.19600380589914368,0.10934937124111536,0.11286307053941909,0.13010752688172042,0.14423076923076922,0.13322185061315497,0.2127659574468085,0.16783216783216784,0.10488058151609553,0.1529761904761905,0.1570489408327246,0.1927710843373494,0.1595744680851064,0.1404821280133001,0.08797653958944282,0.14243542435424356
1522540800,0.18793379604911906,0.17354894600057755,0.18829516539440203,0.13339640491958374,0.12513842746400886,0.1833607006020799,0.157877916267178,0.13587786259541984,0.20569620253164558,0.19898950641274776,0.13814561294337274,0.18716931216931218,0.1720558882235529,0.21101871101871103,0.174512987012987,0.20530421216848674,0.1896358543417367,0.14584279872785097,0.16140350877192983,0.23884156729131176,0.1693121693121693,0.12679303278688525,0.21761416589002797,0.17468079326270036,0.17608770126755738,0.24197002141327623,0.20963006459189665,0.17616853192890058,0.2086824067022087,0.17194473963868226,0.2417556346381969,0.16984231274638634,0.22123331214240305,0.15195022732711175,0.1955668436850612,0.12108559498956159,0.12256637168141593,0.12077967281587192,0.18405797101449275,0.16781115879828326,0.17689792953142028,0.16552250190694126,0.14219759926131118,0.1642512077294686,0.08693609022556391,0.12115384615384615,0.0814968814968815,0.17253948967193194,0.19455645161290322,0.10692951015531661,0.13881961762261014,0.12492492492492492,0.14467253176930597,0.13127646702964307,0.19600499375780275,0.16132264529058116,0.11438679245283019,0.14808153477218225,0.1522248243559719,0.1937901498929336,0.1749271137026239,0.13488372093023257,0.089607965152458,0.14963205233033525
1525132800,0.17964376590330788,0.17269877457965233,0.17528910529519173,0.1362397820163488,0.14270500532481364,0.1824561403508772,0.15543881334981458,0.14169847328244276,0.20147750167897918,0.1911976911976912,0.1564070351758794,0.18397997496871088,0.1629192775525249,0.19971469329529243,0.19907100199071,0.19441105769230768,0.19238630556974962,0.16412859560067683,0.1650602409638554,0.23828264758497317,0.16666666666666666,0.12585034013605442,0.22232779097387173,0.1819382096646422,0.16753246753246753,0.24586776859504134,0.21628799055768663,0.17437284800787015,0.21041162227602905,0.17070242145287173,0.23487858719646798,0.16882316697473815,0.20524296675191817,0.1424796300374367,0.19982413717300507,0.12504946576968737,0.12505075111652456,0.11070599933708983,0.17759562841530055,0.15947102294826915,0.17506811989100818,0.15813625132368514,0.148014440433213,0.15664477008590197,0.07639524245196706,0.13573407202216067,0.0845233500578927,0.15980024968789014,0.1937618147448015,0.11952191235059761,0.13756177924217464,0.13236870310825294,0.1336996336996337,0.13490725126475547,0.21536670547147846,0.16903914590747332,0.09735449735449736,0.15073313782991202,0.16288951841359772,0.18054162487462388,0.16818181818181818,0.13012618296529968,0.09540636042402827,0.13862928348909656
1527811200,0.1792452830188679,0.16188353301755365,0.1698698078115313,0.14517506404782238,0.13955928646379853,0.1779788838612368,0.1536231884057971,0.13119679519278918,0.19765258215962442,0.1887209730925175,0.15877771120431397,0.18121252498334445,0.16201959306706856,0.19184652278177458,0.1975806451612903,0.1982137712474791,0.18702589589327753,0.1613036303630363,0.16042780748663102,0.2441705529646902,0.18789407313997478,0.1267258382642998,0.21585311240483654,0.17433414043583534,0.17620689655172414,0.24156118143459915,0.21129645888206028,0.17658038825286212,0.2080097087378641,0.1692182077975097,0.23418841220698805,0.17044025157232703,0.21639950678175093,0.14455184534270651,0.1899933877011241,0.11636363636363636,0.12157183790421613,0.1141008174386921,0.16457286432160803,0.16264345073209338,0.1653729328383395,0.16377079482439927,0.12958226768968456,0.16796671866874674,0.08360579168612797,0.13005780346820808,0.07566539923954373,0.16832917705735662,0.18832391713747645,0.1145351823317925,0.1346774193548387,0.13210702341137123,0.13326848249027237,0.11937901498929336,0.21226415094339623,0.1681338028169014,0.1049317943336831,0.151947339550192,0.1550877192982456,0.18181818181818182,0.16237113402061856,0.1307300509337861,0.09831121833534379,0.14694508894044858
1530403200,0.18059855521155832,0.1705403834979663,0.16899696048632218,0.12395929694727105,0.13704071499503476,0.17769857433808553,0.15881642512077296,0.1357630979498861,0.1956521739130435,0.1851985559566787,0.15495495495495495,0.18128654970760233,0.17306960821605172,0.1971896955503513,0.21586847748391708,0.1990551181102362,0.19639592582919824,0.16105032822757112,0.16074249605055294,0.2369165487977369,0.18481642812694463,0.12756997770621747,0.22104291647438856,0.16697736351531292,0.17268936761640027,0.22323232323232323,0.21095641646489105,0.17582135523613962,0.20765574180635477,0.16748971193415638,0.21897810218978103,0.16687344913151364,0.21045918367346939,0.1402116402116402,0.19486271036315322,0.09555125725338491,0.13379705400981998,0.11492338441039307,0.16493416493416493,0.16737698566447112,0.16169326856349758,0.15344114328695,0.1516213847502191,0.16975145425700688,0.10512249443207126,0.12358490566037736,0.07364341085271318,0.16559691912708602,0.1796875,0.11316648531011969,0.14838709677419354,0.12226584408300617,0.13586413586413587,0.12556306306306306,0.19953596287703015,0.1607806691449814,0.1007502679528403,0.1412121212121212,0.17128279883381925,0.19810326659641728,0.16644823066841416,0.1296928327645051,0.08430232558139535,0.1352619233776388
1533081600,0.18071115440818314,0.17866811044937736,0.15606242496998798,0.13677313677313677,0.1461693548387097,0.17562189054726368,0.14744525547445256,0.1393258426966292,0.1987075928917609,0.1947863866763215,0.14709302325581394,0.1915137614678899,0.1739288307915759,0.1892502258355917,0.19517884914463451,0.20799059929494712,0.18181818181818182,0.16389244558258642,0.15917745620715917,0.24477410654079568,0.16983523447401774,0.1338563956252972,0.22750346100599908,0.17506702412868633,0.16990451103062232,0.2324431256181998,0.21400560224089635,0.17594167679222358,0.20555423688582958,0.17644824311490978,0.2236842105263158,0.16030056355666875,0.2107594936708861,0.14413208389112003,0.19524617996604415,0.11610918877354863,0.12224842767295598,0.1084297520661157,0.15519568151147098,0.14801727522575578,0.16566265060240964,0.144978783592645,0.13506493506493505,0.17982924226254002,0.10535635236830455,0.13320825515947468,0.07062910073330761,0.18527918781725888,0.18147448015122875,0.10507792860734037,0.1336,0.12807318467695827,0.12931034482758622,0.12779017857142858,0.19955156950672645,0.17810760667903525,0.10857763300760044,0.1532349602724177,0.16028880866425993,0.16269430051813472,0.15945945945945947,0.135,0.095707656612529,0.14636015325670498
1535760000,0.17653333333333332,0.18062060889929743,0.1689497716894977,0.14016933207902163,0.14977477477477477,0.17384615384615384,0.15816490214950274,0.13517665130568357,0.19139105058365757,0.18242990654205607,0.15816655907036797,0.1862426995457495,0.16797358646306232,0.19121447028423771,0.194675540765391,0.1964465303385853,0.19284128745837958,0.1617452622300573,0.15506193934216148,0.23220973782771537,0.18088033012379642,0.13103269330565645,0.21731289449954913,0.16892086330935252,0.17668356263577117,0.2075268817204301,0.2163277335691129,0.1740420939017809,0.20359749739311783,0.1707827542904981,0.2149489322191272,0.16584402764067127,0.21423682409308692,0.14992894362861203,0.1914252607184241,0.1104868913857678,0.12291220556745182,0.11470892180502928,0.17510259917920656,0.1544579321892005,0.15922884684041413,0.15276145710928318,0.13530465949820789,0.15910333515582287,0.08638360175695461,0.1517948717948718,0.07241977450130095,0.16404199475065617,0.19569471624266144,0.10298420128730251,0.13157894736842105,0.144,0.13829787234042554,0.12767295597484277,0.19396051103368175,0.16159695817490494,0.10329171396140749,0.14723557692307693,0.16053019145802652,0.17673888255416192,0.15331491712707182,0.12669683257918551,0.08972073677956031,0.1474036850921273
1538352000,0.1846462619167085,0.17429674572531714,0.15808600847970927,0.1424847958297133,0.13165829145728644,0.16265640038498555,0.15461560445841668,0.1317722681359045,0.1994621246077992,0.17868124359412368,0.14577084583083383,0.1835323695788812,0.16868758915834522,0.17849073655671036,0.19276160503540518,0.18766442560654778,0.1924834941594718,0.1591380024865313,0.1601577909270217,0.2376237623762376,0.17519685039370078,0.135707635009311,0.22425249169435216,0.17057459417675858,0.1742627345844504,0.21905697445972494,0.21271676300578035,0.16978922716627634,0.19935129740518961,0.16793002915451896,0.21708805579773321,0.1665657177468201,0.2242811501597444,0.14408082582912365,0.18776916451335057,0.10908385093167702,0.12962226640159047,0.11296114920013059,0.16164921465968587,0.1525096525096525,0.16464646464646465,0.14637629418064976,0.1348122866894198,0.15830315571650286,0.08944543828264759,0.1313220940550133,0.07426326129666012,0.17164179104477612,0.16544789762340037,0.11970443349753694,0.13891081294396213,0.12373587150505651,0.14050387596899225,0.11758941695247428,0.21363636363636362,0.16621983914209115,0.11238293444328824,0.14418066010422698,0.16302864938608458,0.19017763845350052,0.1576158940397351,0.11910669975186104,0.09596255119953188,0.1240126382306477
1541030400,0.172987012987013,0.17996651785714285,0.16923076923076924,0.13786591123701605,0.13871635610766045,0.16447688564476887,0.15266725611553197,0.13514760147601476,0.19401947148817802,0.17647058823529413,0.15100060642813826,0.1719428926132837,0.1636085626911315,0.1887709991158267,0.20787929589270746,0.2023551286024171,0.1829393627954779,0.1526001705029838,0.16223832528180354,0.2336182336182336,0.17158671586715868,0.13099586072559047,0.2012779552715655,0.16922654964344488,0.17348377997179126,0.20146904512067157,0.21663274207618494,0.16996595637372336,0.2105132037867464,0.17183538131460893,0.2075639599555061,0.16769993800371977,0.22419252691576946,0.15160760384886177,0.18633681343622333,0.12577575506826644,0.1325109430959013,0.11056910569105691,0.1662162162162162,0.14967897271268057,0.15663069961712495,0.15531836584468164,0.14235500878734622,0.16622127204703366,0.10675990675990676,0.125114995400184,0.07450816241105065,0.1523687580025608,0.17314814814814813,0.0999476713762428,0.14135702746365106,0.12793876435210497,0.144390243902439,0.11774193548387096,0.19915254237288135,0.1587015329125338,0.10359408033826638,0.14229024943310659,0.17379310344827587,0.16632443531827515,0.16434540389972144,0.12406328059950042,0.08693149107656879,0.12858249419054996
1543622400,0.18526315789473685,0.17621899059024806,0.1752641392169049,0.14594594594594595,0.14428857715430862,0.1708984375,0.15458937198067632,0.14494163424124515,0.19501133786848074,0.18694256154120584,0.1549636803874092,0.18134110787172011,0.16723420355656451,0.19124218051831993,0.18019359642591215,0.19684561722778282,0.19298708146585816,0.15687140963323024,0.14981580024559968,0.2338794004879749,0.1677336747759283,0.12992596130881298,0.20898027696181284,0.16208035222894882,0.18439226519337015,0.21492537313432836,0.2082345971563981,0.1661676646706587,0.1979906885567263,0.16530081950829503,0.20902090209020902,0.17083854818523153,0.22093023255813954,0.14644833948339483,0.19016467403564177,0.1089693154996066,0.14433399602385685,0.11050847457627119,0.1620879120879121,0.14661354581673305,0.15577557755775578,0.15412577244638315,0.14325323475046212,0.17025981205085683,0.11859582542694497,0.126,0.07959356477561388,0.1613722998729352,0.1710914454277286,0.11470911086717893,0.12905911740216486,0.13374028856825748,0.13198458574181118,0.12815990593768373,0.20917225950782997,0.17966436327739388,0.10604453870625663,0.14173669467787114,0.15168539325842698,0.17865429234338748,0.13082901554404144,0.11314186248912098,0.09421586165772212,0.13333333333333333
1546300800,0.1717948717948718,0.16319253976961054,0.16070381231671554,0.144524236983842,0.1388888888888889,0.17203767972235995,0.14872262773722628,0.1467764060356653,0.19257064721969006,0.1786703601108033,0.15465116279069768,0.17495395948434622,0.16037037037037036,0.18418647166361973,0.18744971842316976,0.18990384615384615,0.18924352852475496,0.1582463465553236,0.15753424657534246,0.2314021254713747,0.16996805111821087,0.13712374581939799,0.2019064124783362,0.15994764397905759,0.17680672268907563,0.2129538763493621,0.2069570301081555,0.16523898199875853,0.20499243570347958,0.1633720930232558,0.20431588613406795,0.17360025023459494,0.2149122807017544,0.14279026217228463,0.19031066695633284,0.11496492595479345,0.14650974025974026,0.1141757536882617,0.15006821282401092,0.13996827914353688,0.15247391450690004,0.15555555555555556,0.13489208633093525,0.15989304812834224,0.09523809523809523,0.12210915818686402,0.07735025783419278,0.18858560794044665,0.16917293233082706,0.11117078410311493,0.12833333333333333,0.1308262711864407,0.1282051282051282,0.13268765133171914,0.19322709163346613,0.14711191335740073,0.11587485515643106,0.1349206349206349,0.14048442906574393,0.15678391959798996,0.15593705293276108,0.10896898575020955,0.08939828080229226,0.1204724409448819
1548979200,0.17531718569780855,0.16757575757575757,0.16587355540448676,0.1262135922330097,0.13105076741440377,0.16979051819184124,0.14903225806451612,0.149895178197065,0.18902891030392885,0.18038597873178416,0.13692407527579495,0.16611295681063123,0.15906386354621183,0.1802030456852792,0.18664383561643835,0.19617999352541277,0.18704018109790604,0.14775846294602013,0.15834457939721097,0.22996375352396295,0.1659779614325069,0.11530398322851153,0.20613207547169812,0.15393976270155157,0.1691449814126394,0.2030735455543359,0.20466666666666666,0.16376206250900188,0.20384204909284953,0.16152980877390327,0.20061177670150396,0.17846460618145563,0.2413793103448276,0.15342465753424658,0.19215686274509805,0.10947641713543921,0.13897550111358575,0.11474219317356572,0.15472560975609756,0.13422222222222221,0.1593118922961855,0.1493069306930693,0.13231064237775647,0.15546218487394958,0.09596456692913385,0.1217564870259481,0.07977332170880558,0.16959798994974876,0.1513903192584964,0.10756972111553785,0.125,0.12319711538461539,0.12375690607734807,0.11922418710781517,0.19736842105263158,0.16224489795918368,0.12222222222222222,0.13073979591836735,0.15164835164835164,0.16782407407407407,0.15251798561151078,0.11172668513388735,0.08870967741935484,0.14185022026431718
1551398400,0.1749607124148769,0.16327667874059626,0.164281269446173,0.1496415770609319,0.1248642779587405,0.17406143344709898,0.13956238911886457,0.13503123498318118,0.19884526558891455,0.19194139194139195,0.16554261189454322,0.1631578947368421,0.1659021406727829,0.18190086402910413,0.18057784911717495,0.2023391812865497,0.20188531029065201,0.15258511979823455,0.15257731958762888,0.2334710743801653,0.1541964866623292,0.12694238584747788,0.20849096258932326,0.16262135922330098,0.18322218322218323,0.21485148514851485,0.20558086560364464,0.16487640740261422,0.20461882294512043,0.15979008324285196,0.19945787214818161,0.1686028257456829,0.2262532981530343,0.15689613232790076,0.17882882882882883,0.10899873257287707,0.13698098564221964,0.11683373660559972,0.158311345646438,0.13544668587896252,0.15862068965517243,0.1510454217736121,0.13576779026217228,0.16517150395778363,0.12025316455696203,0.12208760484622554,0.07088199758356827,0.17407407407407408,0.14985590778097982,0.09249471458773785,0.12610441767068273,0.11853088480801335,0.12921348314606743,0.12672322375397668,0.19605809128630705,0.16465116279069766,0.11842105263157894,0.13431986340352875,0.13862024500322373,0.14135021097046413,0.1366622864651774,0.10598290598290598,0.09217391304347826,0.125
1554076800,0.17585446527012127,0.1635332736496568,0.17281672816728166,0.14012738853503184,0.11419753086419752,0.16306584362139917,0.13615595491928115,0.13096397273612465,0.1848330241187384,0.18150567205225163,0.14681107099879662,0.16983523447401774,0.15828130738156446,0.17901518637827887,0.19282511210762332,0.19372056514913658,0.20433996383363473,0.1468321917808219,0.16005014625992478,0.22511935365405802,0.16383812010443866,0.12150411280846063,0.20046296296296295,0.16013673415724428,0.1616393442622951,0.21734892787524365,0.19975452592819884,0.17883500263574065,0.19793762575452717,0.15459691586960767,0.19331911869225302,0.17333753545540498,0.22190611664295876,0.15127610208816705,0.18129686810763124,0.10672953279039862,0.13384244372990353,0.11083392729864576,0.1471004243281471,0.1293213828425096,0.156227501799856,0.144608727010458,0.12716262975778547,0.15760322255790535,0.110913140311804,0.1264266900790167,0.0755718954248366,0.17494089834515367,0.16056338028169015,0.1077720207253886,0.13676588897827835,0.12195121951219512,0.12729124236252545,0.12067156348373557,0.19622245540398742,0.14893617021276595,0.11605206073752712,0.1292798110979929,0.14764667956157318,0.1607883817427386,0.1475826972010178,0.1008130081300813,0.08264462809917356,0.11955661124307206
1556668800,0.16666666666666666,0.1618798955613577,0.171875,0.13556338028169015,0.1317907444668008,0.1707663197729423,0.13837535014005603,0.13969258589511754,0.1985133362483603,0.17993197278911566,0.15192743764172337,0.15779927448609432,0.1538732394366197,0.1762904636920385,0.18419090231170768,0.18551782206006173,0.19594260267194458,0.1471301535974131,0.1438301282051282,0.23388402980239714,0.15606242496998798,0.12279555845852384,0.21557659208261618,0.1520912547528517,0.16945996275605213,0.2096627164995442,0.1951080773606371,0.16056935947059559,0.2077891237235811,0.1591728324796054,0.19298642533936652,0.16487455197132617,0.20955414012738854,0.14472517730496454,0.17660944206008583,0.11230356458413185,0.1293833131801693,0.10759919300605246,0.14691943127962084,0.12815378454144974,0.16104347826086957,0.15358244772026053,0.1296928327645051,0.15331010452961671,0.10806100217864924,0.12467306015693112,0.07668711656441718,0.1618942731277533,0.15724381625441697,0.10666666666666667,0.1288056206088993,0.13027618551328818,0.12098991750687443,0.12915129151291513,0.18565400843881857,0.14273789649415694,0.10609243697478991,0.1381272633212623,0.13702995538559593,0.15545023696682464,0.14218009478672985,0.1039279869067103,0.08622502628811778,0.11459129106187929
1559347200,0.18282548476454294,0.16423683427551325,0.1706070287539936,0.1234798877455566,0.12742980561555076,0.16853932584269662,0.14338010982306285,0.1276595744680851,0.191869918699187,0.1772760917838638,0.15354838709677418,0.15141752577319587,0.160075329566855,0.17705962676376877,0.18274509803921568,0.20362965241464165,0.19554721030042918,0.14698046181172292,0.1535181236673774,0.22016011644832606,0.16146179401993355,0.11942871213986703,0.21412505623031938,0.15615186982586354,0.15973377703826955,0.21459694989106753,0.20029585798816568,0.16585233441910965,0.2129082026227822,0.16066481994459833,0.18651738923296807,0.16775032509752927,0.21711899791231734,0.14519523030161327,0.17268337548861806,0.11705263157894737,0.1354383049439136,0.11065149948293691,0.15341701534170155,0.1274799493457155,0.15700660308143802,0.14501160092807425,0.1199616122840691,0.15257841573631048,0.10216572504708098,0.11816578483245149,0.06977704376548308,0.16116751269035534,0.15431472081218275,0.10535211267605633,0.13902053712480253,0.1157167530224525,0.11313131313131314,0.11334056399132321,0.22376873661670235,0.14339268978444236,0.10042735042735043,0.12456546929316338,0.1425531914893617,0.16469321851453175,0.1436241610738255,0.10852713178294573,0.08620689655172414,0.12401883830455258
1561939200,0.1743166580711707,0.16244897959183674,0.17110036275695284,0.13076923076923078,0.13184584178498987,0.17039922103213243,0.1353183962264151,0.12793483469094394,0.19188365001172883,0.17564575645756458,0.147588611272516,0.16737416616130987,0.15427717594322002,0.17554423344140807,0.179080824088748,0.18220727606236625,0.1939897385780601,0.15397419891801914,0.1411906677393403,0.23079572855666552,0.15078864353312302,0.12213918729565623,0.2,0.1458097395243488,0.16130091984231273,0.2003968253968254,0.19130941965587636,0.16294702877117503,0.2064971040040292,0.1554354122417455,0.18088655862726405,0.1668208448967006,0.1962025316455696,0.1534820824881677,0.17605023819835428,0.10875,0.13118279569892474,0.10858400586940573,0.1457905544147844,0.11646090534979424,0.16467276565798733,0.1487876561351947,0.13243922883487008,0.15996168582375478,0.09915254237288136,0.125,0.07371794871794872,0.17798594847775176,0.15722120658135283,0.10655737704918032,0.14123006833712984,0.11703864997278171,0.1309055118110236,0.1182741116751269,0.1994535519125683,0.14285714285714285,0.1035175879396985,0.11482479784366577,0.13375394321766562,0.15553435114503816,0.14603960396039603,0.108130081300813,0.0854745673833246,0.10890360559234731
1564617600,0.16824290691886512,0.15447800741918388,0.1669545192861255,0.13940520446096655,0.13908629441624365,0.16358325219084713,0.13679245283018868,0.132973944294699,0.19714711517990208,0.1793103448275862,0.15320665083135393,0.15503875968992248,0.15149409312022238,0.16708967851099832,0.19257703081232494,0.1879232505643341,0.19771863117870722,0.1385362210604929,0.1446188340807175,0.21827242524916943,0.17267888823181549,0.12452150416572844,0.20593080724876442,0.14167709637046308,0.15810519840049217,0.1923828125,0.1890024868748273,0.16017215307665464,0.20422873618452667,0.1525610427758399,0.17194260988385335,0.16632016632016633,0.21116043119847813,0.14715335169880625,0.17011197243755383,0.1111954459203036,0.11882308562806489,0.11479173499508036,0.15117891816920942,0.12968299711815562,0.164804469273743,0.1451729106628242,0.11871750433275563,0.15637860082304528,0.10833685992382565,0.11591695501730104,0.07758620689655173,0.1549636803874092,0.16309887869520898,0.08527131782945736,0.14482758620689656,0.12229836584080127,0.1170534813319879,0.10605302651325663,0.20682926829268292,0.1404293381037567,0.10718232044198896,0.12191011235955056,0.13218390804597702,0.1584258324924319,0.15185185185185185,0.11486486486486487,0.08924843423799582,0.10973724884080371
1567296000,0.16744427164333853,0.15682451253481894,0.17557251908396945,0.1282287822878229,0.12858660998937302,0.17608142493638676,0.1396328618718026,0.13180933852140078,0.18775790921595598,0.1822480902146235,0.14909544603867747,0.16099476439790575,0.15410323059784628,0.17411988582302568,0.1796116504854369,0.1919550428867199,0.18809980806142035,0.13587191691908265,0.1478843736908253,0.2243359655419957,0.15953307392996108,0.12407578558225509,0.20730058584948174,0.14721919302071973,0.1609078590785908,0.18840579710144928,0.19933353529233566,0.16282497989815062,0.20714655618850336,0.14994188299108874,0.1849214145383104,0.17060192883272365,0.19986120749479527,0.1499768196569309,0.16884008236101578,0.11013030685161833,0.12060085836909872,0.10306014773126979,0.12671976828385229,0.12747160286074885,0.15392934390771448,0.1469248291571754,0.1355343179843614,0.16510416666666666,0.10204991087344029,0.11081081081081082,0.06299541093032958,0.15707434052757793,0.1570631970260223,0.09795704557359874,0.14677419354838708,0.11840628507295174,0.12941176470588237,0.12111292962356793,0.21473684210526317,0.15327257663628832,0.11583421891604676,0.12121212121212122,0.1337979094076655,0.1645021645021645,0.12639405204460966,0.09880749574105621,0.08825182686902755,0.1053921568627451
1569888000,0.1639089968976215,0.15830721003134796,0.16491661519456455,0.13857016769638128,0.1334604385128694,0.16358325219084713,0.13749294184076793,0.13627906976744186,0.1885642211477822,0.17419354838709677,0.1530791788856305,0.14641203703703703,0.15678428519461624,0.17298474945533768,0.1874095513748191,0.18543230469835975,0.19330565646081993,0.14410134600158353,0.14522058823529413,0.21230357739886327,0.15907710989678203,0.11963470319634703,0.2058340180772391,0.14170356863766606,0.16282894736842105,0.20659553831231814,0.19153284671532847,0.15889268107698143,0.19907856450048497,0.15162653923911046,0.17885264341957255,0.1679617453676031,0.20136054421768707,0.14787305874409182,0.15942954448701574,0.11063664596273291,0.1278928136419001,0.1087248322147651,0.15138888888888888,0.11521115211152111,0.16660707901322847,0.14280429152793192,0.12285223367697594,0.14435946462715105,0.10200597524541187,0.11392405063291139,0.06677018633540373,0.15777262180974477,0.16036036036036036,0.09298928919182084,0.12557427258805512,0.1284796573875803,0.12559467174119887,0.11271102284011916,0.20821661998132587,0.13666666666666666,0.10422812192723697,0.1273532668881506,0.1375796178343949,0.1575408261287224,0.1423611111111111,0.10233682514101532,0.08885464817668208,0.10355253212396069
