month,ratio_quantity.00C,ratio_quantity.00D,ratio_quantity.00J,ratio_quantity.00K,ratio_quantity.00L,ratio_quantity.00M,ratio_quantity.00N,ratio_quantity.00P,ratio_quantity.00Q,ratio_quantity.00R,ratio_quantity.00T,ratio_quantity.00V,ratio_quantity.00X,ratio_quantity.00Y,ratio_quantity.01A,ratio_quantity.01C,ratio_quantity.01D,ratio_quantity.01E,ratio_quantity.01F,ratio_quantity.01G,ratio_quantity.01H,ratio_quantity.01J,ratio_quantity.01K,ratio_quantity.01R,ratio_quantity.01T,ratio_quantity.01V,ratio_quantity.01W,ratio_quantity.01X,ratio_quantity.01Y,ratio_quantity.02A,ratio_quantity.02D,ratio_quantity.02E,ratio_quantity.02F,ratio_quantity.02G,ratio_quantity.02H,ratio_quantity.02M,ratio_quantity.02N,ratio_quantity.02P,ratio_quantity.02Q,ratio_quantity.02R,ratio_quantity.02T,ratio_quantity.02W,ratio_quantity.02X,ratio_quantity.02Y,ratio_quantity.03A,ratio_quantity.03D,ratio_quantity.03E,ratio_quantity.03F,ratio_quantity.03H,ratio_quantity.03J,ratio_quantity.03K,ratio_quantity.03L,ratio_quantity.03M,ratio_quantity.03N,ratio_quantity.03Q,ratio_quantity.03R,ratio_quantity.03T,ratio_quantity.03V,ratio_quantity.03W,ratio_quantity.04C,ratio_quantity.04D,ratio_quantity.04E,ratio_quantity.04F,ratio_quantity.04G
1414800000,2.5603991596638656,2.9847942474874496,2.253117546302966,3.20139796653208,2.4251043322734493,3.572507138150671,2.578482563011667,2.0890653458231014,2.601346579405811,3.3101197587342295,2.69879389297679,2.5520775427283477,1.596209706985533,2.2596976990311495,1.960805409563566,1.9406992353936847,4.044089902204939,1.5423809828859767,2.0078615502235673,3.0956260670381943,2.089347418914157,1.8858591479626539,2.187911138930908,2.351805389507244,1.7898913141808506,2.4730124382763754,1.8627755355479667,1.9036965579524232,2.6102985142329302,1.9789250781486338,2.3051335421246137,1.7543777132885883,2.3530688747523842,2.9023558198931934,2.1884079564925867,3.071579618887853,2.4281718789727935,2.370900154384196,2.3271598952778048,2.2985637874842104,1.7149337537687053,0.8223209648565988,2.7612880879763715,2.638609890146316,2.105480016481253,2.5724058653657442,2.0196263071814444,2.5651485504490736,1.7016987341021614,2.5256687705044425,3.0072631560435443,1.657317695053544,2.8518393520081,1.32131172073218,1.6081272054418336,2.9689767094680164,3.686975004598501,1.6418563922942204,1.1973277395515174,0.9408555971658046,2.8686644917314967,2.1002803927630946,1.6307939883329985,1.6385228086678778
1417392000,2.963685474189676,3.565750703583492,2.4412108405769257,3.8054997150141467,2.7356170508744033,4.365253678893039,3.0748404563914127,2.4589673041897555,2.9073873534535535,3.601503540312947,3.3534518175107637,2.7693831552774943,1.8951465072337066,2.6233741822386945,2.2970203288988826,2.3638592190509544,4.390345678683518,1.867611477679825,2.401711315844344,3.7256404173650632,2.243884949898932,2.306312990787114,2.489292275949205,2.8625793523835186,1.9191253440856053,2.725194627705874,2.1303018092702812,2.2936721331663965,2.9855546987435093,2.5965513764243218,2.480206975703698,1.8578530743940813,2.7639837029628502,3.500687635071175,2.55469467828851,3.8985433624345824,2.5298754131706067,2.7411071552348845,2.900134869493931,2.75702902053737,1.8762850478060833,0.9016677246234633,3.2006568081305677,3.072853477595019,2.196126905644829,2.740628592256147,2.273628388759479,2.8693710200441123,1.7728499006848302,3.0733401038980377,3.681405968801844,1.9431953394217543,3.0374620317246035,1.6138028609714787,1.868982064078566,3.449827927950595,4.079380326595681,2.024956217162872,1.378646300632426,1.1126410292325948,3.383552990247406,2.505410620808768,1.8247650794563066,1.836805587577968
1420070400,2.559223046131636,3.256467706695241,2.3008408743195323,3.421859039836567,2.4558048271622575,3.735109341206356,2.667388278954693,2.173077126599381,2.40285757928255,3.1843796572280185,2.957159526587765,2.5391985622987066,1.7398844581583128,2.377098309120637,1.9915566575085442,2.2873161022186967,4.115755057195262,1.6610067573895082,2.1528276117502725,3.4839964811247994,2.1031241121172077,2.1128196257467455,2.1223441783000427,2.62938066592289,1.7653335057712831,2.4783650916182514,1.873616640882447,1.9408303467822265,2.7509976484735668,2.249269512938555,2.457957272347495,1.9065508335289976,2.616688053678824,3.130686075136466,2.308028775907158,3.3944612327689687,2.4281410101575114,2.5125628140703524,2.4303904475088496,2.388983887596283,1.6768320772448362,0.7068004298500575,2.757344110780543,2.863088689474174,2.1630718082377327,2.469343659679547,1.8344075359444718,2.7268783440411504,1.7830908487749397,2.789178411971196,3.0648371585084475,1.7780045377767988,2.7727912484302966,1.3949546298680597,1.6628228125622853,3.1988388159272025,3.8168094738517935,1.757924286609796,1.2306692779344746,1.018467870073715,2.936162151922712,2.3238376823308573,1.5497550098604502,1.7364809669118373
1422748800,2.343610848105894,3.0372823802830617,2.2810742001415294,3.149472250595845,2.344036213030979,3.5256960417453382,2.5385289418071233,2.081356338788368,2.367607834843197,3.1494504470938907,2.747124520753459,2.2918412470847174,1.5765943310172412,2.144689040475909,1.9513502646920864,2.087784272025151,3.978415545060651,1.6265051333487766,1.7284350717995018,3.4026128035901824,1.9579745772133768,2.1004639554207416,2.0240339575068527,2.3995200959808036,1.7653335057712831,2.42961036850445,1.9362904369683036,1.9202924595146897,2.54508465083333,2.1862058817346703,2.1082084114601045,1.5449636064803944,2.435027287766114,2.872025402261943,2.1684302612353537,3.3708064506590802,2.3200823788154232,2.3631459331084224,2.359944347581057,2.3983280227498542,1.755145663270007,0.7572861748393473,2.600422088215797,2.6013016449504938,1.8798612678802307,2.4202373937200106,1.7414476945959345,2.509967566674241,1.5165158049381546,2.762665309195804,3.1352931851408257,1.5576865841827172,2.7727912484302966,1.313099101465044,1.5973349278209625,2.9643689550739,3.5106482861096713,1.4172412853288276,1.1619517040396563,0.8830194576853954,2.7682584511529384,2.1908950231586113,1.5354385663513468,1.6123371378563573
1425168000,2.9342007818285794,3.2355929137036052,2.4273475890587504,3.455907388491657,2.8376809254441255,3.947955645576571,2.8349054172465338,2.3847404830863335,2.7024804070170485,3.312453427719822,2.9704950825137524,2.5896796470362555,1.7961913985517857,2.4994189768283883,2.0237217717617106,2.297049362228138,4.186639966684092,1.720152398602191,1.8673271757833902,3.5653801586594165,2.1865078874874935,2.1128196257467455,2.171499288696638,2.7471141285761536,1.8752626984383594,2.673383984073458,2.008860095594032,2.053788726753679,2.6974602690871055,2.4006222278278786,2.409381041668691,1.8783752054472882,2.516194864024984,3.1842020764208496,2.404196641569956,3.7906788331095975,2.3645771093680477,2.536154953169605,2.5360595974005387,2.49488408600342,1.810425841640716,0.8294086676811899,2.834203876934705,2.7868722081571535,2.056354793030558,2.770996436288128,2.1194843827466534,2.6958910901315907,1.6586891616511066,3.1868749536020697,3.2292345539839964,1.7702740832647257,3.017201419264578,1.3250363660238171,1.7966458813815103,3.575665378012868,3.763741534643159,2.0849799678395255,1.1744458083841687,0.9403245552343,3.267664330365599,2.2493897931943994,1.710814999337864,1.817710879750608
1427846400,2.771561531475014,3.350392618698878,2.507149137746655,3.476490277063678,2.815019652317108,3.819819819819819,2.9969064191802013,2.3015973720199074,2.5886358300070436,3.502290183098099,3.0414050359544658,2.472044748541192,1.7703889797501227,2.3897776043698795,2.043565714163276,2.1794759527909933,4.3554314792564846,1.7824695844525202,1.9978247622279985,3.579034433712494,2.1287573803616704,1.944828608120122,2.2835609658681433,2.742225231829959,1.841965797603506,2.526175565140402,1.9952797007409167,2.0884754129485477,2.6853199766422393,2.2527066101808892,2.2900837433165457,1.761866829108289,2.6044886855447014,3.2328933502420205,2.49296914485577,3.401159351709452,2.4367956137678957,2.5768741259840047,2.3911457280247554,2.383033794903543,1.8450863647657523,0.9040218122382856,2.8918746001279576,2.9225022723201555,2.107645751494624,2.671696843050082,2.119129793601715,2.816620124716357,1.6178065387829115,3.1626155571068937,3.347265618130339,1.7885217848134027,3.1754855881807917,1.3502219320479456,1.726550766850226,3.2752521944189694,3.789038735571643,1.753622794377532,1.2924303636642436,0.9012682688636491,3.107434601843803,2.3607802776702016,1.7230062356416147,1.7009037866122227
1430438400,3.0524630380434274,3.2390607767483446,2.4120913505335118,3.4901102193832223,2.572666967018284,3.8404118404118397,2.7068832173240525,2.2416782980163266,2.5181967598027706,3.3216396079299773,2.97152592681328,2.6230861792056235,1.753528132323931,2.312556899466771,2.148020580286956,2.3205581015207675,4.152236907201922,1.6145915626481278,1.8898342345399985,3.474678138129084,2.0391580131185822,1.7596068359182055,2.202522046927322,2.523966488888391,1.8355027597171778,2.2987385367676323,1.9821312348381759,1.944796514760441,2.681207694901593,2.4334274762961474,2.571492338893579,1.6447214282367273,2.403548905651045,3.1346562594888097,2.465062773831265,3.566781024488347,2.1385419839577624,2.5140235375453703,2.496637451319965,2.295925509972343,1.7760681715700257,0.8678609397487541,2.773512476007676,2.7566394872849593,1.8616170645497265,2.6015735663296073,1.9146523573769882,2.806290222058473,1.5407681321742015,3.0092445685515425,3.036573713119992,1.7267154164397214,2.9396405047084784,1.3946596158874982,1.7464615664679377,3.381175244110817,3.6747142909638777,1.9031565210298795,1.1954198521059105,0.9350333625098375,3.1676895664224918,2.2758982901584637,1.7693811446754468,1.6917344939620225
1433116800,2.9307390518637817,3.5765354226609003,2.511109878880536,3.565019902140716,2.668986623996022,3.977691977691977,2.8680072183552463,2.3791397030833656,2.6708147452453623,3.4440158040116082,2.984836233316363,2.4065934619199387,1.8996554766842586,2.3979060996228383,2.051600703865098,2.3448826099224527,4.536539684783377,1.6787802180439249,1.8435525798165702,3.432162610298806,2.2183567476047603,2.0436135532944775,2.173579575877029,2.6526831834436746,1.9324483280120992,2.534298316153715,1.8736563911405644,2.093606802169551,2.779902456677112,2.126622284984198,2.503566126168088,1.7196944847945268,2.4731049833065413,3.0989336810330967,2.5673861342544493,3.4189045309357624,2.3225708193725256,2.5336643464324435,2.769157736499257,2.625692588640457,1.7622645329308806,0.8100035437655039,2.818298144593729,2.912550505218044,2.0256361891796586,2.7067584814103194,2.1129335076555114,2.9612387619267326,1.937812227772938,3.0356878424403964,3.3414035067150496,1.7923846828367578,3.2512929364397496,1.4117510327488645,1.851704364447276,3.671069906425347,4.005438577150627,2.0526902476822273,1.3080772203672004,1.0155501242815181,3.150473862257152,2.472187886279357,1.7479773405059857,1.8262174528316322
1435708800,3.25793713768285,3.750030410348555,2.7590423145784615,3.868919116472143,2.8458375358833123,4.052261141146906,3.060448693993788,2.7217794903231454,2.833010424775963,3.4793859495751303,3.188267176789414,2.83314579649574,1.9217516514177821,2.413659042311929,2.248568545202919,2.366156671638673,4.605593702897339,1.806880958140591,1.880061333148409,3.5809550241300085,2.236846570837073,2.200226802090524,2.4398361865620886,3.024992465424671,2.139583589199951,2.6586043948027522,2.1025190929693327,2.178950822361675,2.7102719306170378,2.5316880155589834,2.5439631657348474,1.850251138885644,2.7767371986236045,3.3480050353995727,2.603126847492671,3.753554054133933,2.5276040973792733,2.8174312393954475,2.6312327325351927,2.7917347261988312,1.883628511703765,0.9025335923003055,2.9932762972725433,3.061831054671286,2.203619352455989,2.7941155925620644,2.232819351925729,3.0762990918902564,1.7173380076510374,3.1832699138830614,3.3859913365325123,2.0066450823689213,3.5925221693112794,1.528348032059368,1.891256989118873,3.7116281916802785,4.101050537498522,1.9304237482619437,1.2812878969732304,0.94925740653565,3.380834197180918,2.545094739961162,1.9841903686902567,1.8401434368217426
1438387200,2.837859283253829,3.3851062276918373,2.4454245550796148,3.55274207092565,2.554115912793856,3.774568118784047,2.886486347177299,2.2208599702250633,2.475957458017009,3.3977923092165847,2.912614910462829,2.446351068959974,1.7592711910938297,2.31241495496663,2.122755781364184,2.079497033801544,4.182496099568971,1.65877596157169,1.7105476063891263,3.2880028370106533,2.0825812900896885,1.8674193866482598,2.2256631405293548,2.773839954457678,1.7646716611830413,2.4964943707294136,1.9092969333350795,1.9328575530125918,2.595290697196921,2.414324994970156,2.3891973457661875,1.794182922555776,2.587501979245918,2.749828135741516,2.4886016473057166,3.245198701920519,2.1728526451155155,2.605830005838626,2.6224619567600755,2.5929905410189367,1.8790342958215607,0.7653484862706589,2.795426478049838,2.7928415585450668,1.9040584348967948,2.7941155925620644,1.818417976360566,2.7703877855458634,1.7469472836450202,2.9461057646699196,3.240043434095766,1.7442376485206776,3.2812263373100676,1.3503545322450632,1.7718091792797863,3.489041793378613,3.9094507608957088,1.8224280140934435,1.162823322557214,0.8716614332493571,2.9334973568414577,2.4868909101491603,1.639885420992663,1.595095386095274
1441065600,2.912539790707877,3.6005852688796134,2.5526103716171953,3.8213225719812733,2.7899759484832036,3.9356986379328665,3.0540056441116956,2.4170242578159207,2.7978904608324595,3.5551514727652087,3.1019182740847007,2.642260086802765,1.893737778948135,2.3812609343614337,2.1307863833113374,2.132942051025416,4.508633835467922,1.727891626637177,1.9725233659261996,3.384368688036757,2.150458013618538,2.280347105808106,2.2980188993241972,2.684541283891636,2.0361596090573553,2.569443881562416,2.0337451039469716,2.1635699930273575,2.8416790545257427,2.5400710884581854,2.456907392002476,1.8409064361639993,2.5488825467198595,3.0176685385734814,2.473125268902074,3.759465162880601,2.445251081675187,2.6959564571683834,2.806648248037539,2.56814751787145,1.8928169434681736,0.8736525173466957,2.9677472883405813,3.201307089699696,2.0107513644384256,2.891909638301737,2.263744827714174,3.0969223260258336,1.8061658356329875,3.2939465168491946,3.315936343362874,1.856146701191252,3.3990139494186344,1.4393512821522156,1.8969449800635914,3.661546252062404,3.9053741699041593,2.0519189492015064,1.2438780313681728,0.9880553931787966,3.3249170921384854,2.4181045658258857,1.7144256674014202,1.7579534073855358
1443657600,3.0869666588948474,3.551947668665431,2.6076190248699183,3.8217209634133913,2.929384456884674,3.9516916792469576,2.89188597338692,2.5776100061975313,2.9076386821040097,3.636596378531863,3.0794423192940816,2.6599874765184723,1.905145008911162,2.414533962697667,2.2201086811325483,2.24386216275286,4.7296613562468925,1.8319246013231114,1.7394784643329946,3.1560862995942727,2.2282919000663557,2.2786759045419562,2.2389937834655806,2.9392644615700894,1.9514842911976422,2.6411436879088925,2.065264987876371,2.2371708236065033,2.9222628889007294,2.3025461974496158,2.546345415613727,1.7869056672436392,2.6679312352290294,2.715109944090171,2.5286169578079556,3.7075520710338634,2.4671520841109085,2.7261491285709814,2.7662275134590977,2.583106975937461,2.0460592714927976,0.8521364277581651,3.1603570917076422,3.1427547390219286,1.888906151619471,2.9842212786133135,2.0337139077596382,3.000613839859811,1.740623427370415,3.2991665263512377,3.3106792721168525,2.0011413060242447,3.430070282812658,1.4594495983135243,1.8328996983943682,3.555614815802484,4.037131845726217,1.7818863879957128,1.1565653739250472,0.8623743012458226,3.373444585834948,2.566282428357949,2.0673737273615496,1.7825473919832322
1446336000,2.695266961995803,3.3713990090656245,2.4642995059457697,3.5431599687468154,2.7742263818378174,3.640884468519669,2.724427097422422,2.327595920896951,2.7032865658918803,3.310757343015408,2.8838695562818635,2.389480275516594,1.810167105241104,2.410503021190659,2.1746912953572735,2.044731537919814,4.170901363462376,1.6796734950469279,1.7086912348757735,3.090893751486007,1.9999074116939037,2.0508083140877607,2.2447792971179465,2.6281135922923484,1.8351706579474516,2.42306760358614,2.0391223930931255,2.022156694106565,2.668153072474579,2.3234784356082487,2.3630857076718303,1.7262535166583461,2.536847908642632,2.5990032688494726,2.485339894960387,3.3828460775515983,2.2267629066847174,2.557964892518539,2.5561342845887864,2.418952695692035,2.0919350399119185,0.8449756174408695,2.756162378065275,2.9569107417830405,1.9665884392401851,2.6425697770898267,1.8977208804930363,2.760564732671026,1.8827151357271836,2.972933153729584,3.0250748982898705,1.746660908726364,3.135824057571376,1.3040452429375469,1.7619670475277132,3.541725695428256,3.764462658565272,1.7416934619506967,1.2280734481193376,0.8598077110635437,3.206907448053223,2.3445049345492373,1.7133713767859415,1.5977803725932964
1448928000,3.040335742597342,3.6838870737575977,2.6991842730714573,3.930427693039372,3.307970159999007,4.2078514683079105,2.988496863366439,2.7959321651924047,3.018572688047737,3.8577014383466004,3.3711440675156954,2.84533500313087,2.0671661387012605,2.696699868188212,2.508642661351941,2.3507127419315674,4.936446550426989,2.116781509839842,2.162802869369785,3.5587461555570883,2.3486566979923778,2.6420323325635113,2.5427332502147872,3.1170649583002272,2.1711878206702244,2.721912608028431,2.280941394838144,2.4112298808207395,3.0329236154088925,2.5369872648263043,2.5656359111865585,1.9128755184592487,2.8221469135659674,3.0098422735473274,2.8161003038668064,3.902375667123224,2.511434301005207,2.949091022873056,2.7837352825316235,2.803011766454919,2.2754381135884025,0.9810310134694842,3.1189828296812583,3.3418733074921683,2.097421765759283,3.0121111971050265,2.212977443701977,3.079487117936126,2.0603297711731443,3.3044283549419093,3.4272524859237836,2.1168142138869177,3.572989877929852,1.472963020520131,2.0712334053063293,3.9389545381311897,4.248755692477994,2.023043944265809,1.4736881377432052,0.9265390558028035,3.3947955009351696,2.74581659001262,1.9222327636255503,1.8870467718021302
1451606400,2.583184124142047,3.4089528405047465,2.2927855774364767,3.5176424340187857,2.775400339870253,3.7402105019110214,2.732539075308776,2.3205450992129864,2.6045611867942338,3.2838810350047747,3.0044239149496557,2.398692712471703,1.761849272679628,2.3401218310850203,2.006103677145356,2.153496149957222,3.9930692982224683,1.7892156862745099,1.792018212442606,2.945289251789844,1.9876911300826556,2.322615622516434,2.152250053373493,2.632410234810993,1.8755901641464772,2.5038567470862376,1.9282658984055105,1.9248588351532456,2.5541738639247504,2.1227866704070135,2.331159511034476,1.728870269489401,2.55659941475435,2.6037486847502365,2.3580896692184306,3.2715054239670263,2.0249447886147482,2.660894232384763,2.569862678426265,2.489924312487047,2.0221380556294304,0.9350196996516874,2.6807434849665315,3.0332999249971793,1.8310077899572492,2.5319104415149614,1.854298064460114,2.808001610421338,1.8530578414540284,2.881344346939097,3.0433163419686693,1.776555644812457,3.0488061649892617,1.3313865052289946,1.7405225555770782,3.485731240970236,3.5380379749409308,1.7351378767251275,1.242537012071247,0.8098255447917302,3.1674169565513948,2.3113291985637114,1.7511160281728848,1.6397943544007438
1454284800,2.8443002088928675,3.478381615260444,2.504789723295329,3.575253148256088,2.555228916260434,3.5049556936777853,2.745398082721994,2.3487156011761186,3.006607544487303,3.452733074038708,3.1797922712187434,2.433673647861915,1.7395473831520378,2.3602259705273316,2.075463644706233,2.065995177724197,3.9974669516346077,1.8186274509803921,1.9073841917844048,2.9376688397541653,2.0247288530034506,2.1993999396243153,2.201295966117929,2.793125807041559,1.8691226118563162,2.511933704334903,2.0522491541405516,1.9914098055175866,2.591012910039049,2.202338833597809,2.321526620493011,1.575089356030775,2.6182042199291535,2.639416474952294,2.4631683700748224,3.5136204463183764,1.9553373115061163,2.6022842272661557,2.648531944092375,2.527041196648345,1.8524802142274148,0.80654371038657,2.658483456028494,2.9304199494228764,1.9290974929906732,2.678384599288554,2.0155413744131674,2.6305823106134283,1.7464922147889406,2.7656699388503014,3.089868025975838,1.8229005746771298,3.276203309891776,1.3432436369549525,1.7690090131151646,3.4274970674934067,3.7373067804261093,1.681749018979739,1.214579929299644,0.7742846117914661,3.2569401814337358,2.300799224993945,1.7511160281728848,1.6744910150734367
1456790400,2.8722769322590267,3.520038880113862,2.646125820534564,3.8802510471594505,3.107207978268149,3.8527236710660477,2.9189946828004336,2.5106959874641266,3.2571581731945787,3.1499639005985514,3.219498314147594,2.3936954359873868,1.8176039964986037,2.4687883235158115,2.1394882301470424,2.2750252780586453,4.2085543154172935,1.8725490196078431,1.984294844678937,3.162470994806689,2.2315228059778884,2.1562744506120737,2.3801692949505786,2.8928803001501864,1.9532007916284004,2.738088507297531,2.153393389082296,2.12963105165891,2.771114913264513,2.3614431599794,2.58161466511256,1.8453709615035108,2.8030186354535647,2.7285859504574392,2.5342510206541458,3.365989335128529,2.38563807908675,2.71950423750337,3.0681013609782957,2.6105541860112647,1.9808699320451564,0.9278821446925142,2.8938037619448918,3.1760044072454052,2.1947571053728634,2.9504080351537976,1.8853063932972394,2.9717732717824843,1.9596234681191165,2.991760827387493,3.49137630053767,1.9117283569177528,3.461489872404935,1.3330803811898457,1.860165677237041,3.779675164234234,4.180578204872732,1.9486933077066817,1.3139828902653437,0.9139097057210748,3.337937384898711,2.4324238946160244,1.8215834739746104,1.7740553456994248
1459468800,3.007000819244804,3.6984046506136212,2.529096408525769,3.8914067028463535,2.9674326591235376,3.763165967890378,2.8773281952472693,2.6488106769613347,3.1556374329499692,3.5991124518807984,3.23886372340566,2.759701373363143,2.0408730710412897,2.4952161651496128,2.2156238765428817,2.2936892026884173,4.351335228269642,1.951443774943266,2.0134486071085496,3.130727808832067,2.297210926572617,2.1224499840047244,2.4958450671714143,2.731047140969577,2.011499828602105,2.689409541346643,2.1569954322449667,2.2909390293168603,2.7325752377217913,2.3151060670877475,2.710261511403281,1.7346578120058784,2.8428872039300317,2.7255480043822535,2.5645383058598146,3.7633074569021527,2.225538049113578,2.80023556299165,3.349061129087119,2.624785518851154,2.077441909416212,0.9442735531869231,2.9821262973360954,3.307896483078965,2.116263773077693,3.1656602563208622,2.287946428571429,3.0281870050242685,2.12612228460427,3.1699713442987743,3.5427986364006556,2.0428772963097157,3.9470805069768224,1.5070822683624732,1.841909427097739,3.9577142192446297,4.104606506410907,1.660975058798517,1.3325689139563348,0.8823350439139173,3.351066770430663,2.442829900237979,1.8137105289930568,1.7506233963898654
1462060800,2.727712817457361,3.5629701141122774,2.3638988204105553,3.70836143982048,3.1534785938648255,3.834747929236119,2.7167630057803462,2.48678236427487,3.0219732322909465,3.371983996179583,3.143117497127613,2.470257106355797,1.8239955512303625,2.4149841341158633,2.151711649334914,2.2888399654734313,4.276765975365828,1.7166836215666326,1.9442843419788665,2.8612954761931864,2.315736821141751,1.9501931737086888,2.3688887862979553,2.9411276902749295,2.0567747443584214,2.673256931488705,2.0268599612196296,2.1835512623176325,2.6672221677613304,2.44092704899469,2.345048967313477,1.7532600405528582,2.735172939099124,2.7255480043822535,2.60161596811321,3.597887348906454,2.2002478440100144,2.574032690215166,3.261845995517142,2.417646967893525,1.87610392700583,0.8584305028972028,2.8296853364499053,3.042468480424685,1.9201621107075595,2.5171880011714345,1.9469246031746035,2.8033722217491253,2.0432094378509,2.823583747074074,3.2402936625207968,1.8771344213260972,3.3832118631229906,1.2898451846345493,1.7478180786546655,3.36225686645415,3.893280230833316,1.8868676667951152,1.286083951841579,0.8012007870022927,3.266014314328362,2.4270697073332177,1.7645965107998212,1.7265598445494545
1464739200,3.2490504207939215,3.656732485536285,2.5094300289882434,3.759207346216556,2.8061928490144217,4.0529024780993295,3.037893384714193,2.673467159326666,3.062653641187171,3.5234029666470597,3.219054159348133,2.6349409134461834,1.9630196023912139,2.5313205791147997,2.204971838674887,2.395523184203125,4.364494508193845,1.8682995539557083,1.8443804034582132,3.2483672780124238,2.436155135841122,2.0301695499175625,2.4179400766354275,2.7973883670660045,2.1343888856549658,2.64095171177283,2.095181083507932,2.393213093125649,2.928634447603176,2.3780165580412187,2.2969946851963976,1.832319511877523,2.6236117362385407,2.9482234949363595,2.728297980812309,3.9523590088972376,2.333021420803722,2.7456348695628434,3.052529674949197,2.658793340650168,2.2238695329873988,0.8298161528006293,3.045643364372008,3.5766423357664237,2.1448619321733378,2.7193997796588905,2.1515376984126986,2.9668738823128664,2.0728211688342464,3.201461125864656,3.4380853762114736,2.104549063745481,3.913416707343758,1.3662175968826478,1.8989344867602076,4.115579656961176,4.084286672220754,1.8868676667951152,1.2891829493158962,0.8874059349708938,3.50841381421992,2.553151250571307,1.8137105289930568,1.8363497998213276
1467331200,3.124825623570113,3.7224584862695345,2.3554899064500248,3.732164689387038,2.9754717097970724,4.1618418363871665,3.0766666880324087,2.5737261639861426,2.989467341807352,3.4342495205996864,3.2620681709705557,2.6310161491671766,1.9285654908697942,2.517140528359783,2.1615018986165335,2.291992050559217,3.950250987562747,1.7321016166281757,1.8727741618568097,3.0300160969605154,2.2543306062539092,2.12301197722364,2.32337464416137,2.8698118923682836,1.874147747468285,2.5589073384942003,2.115385863252633,2.30601656046406,2.8004125207381354,2.414902922576622,2.3769588345234105,1.8409801248342186,2.5758927198351436,2.8474564205693134,2.6967968217864207,4.054484720435311,2.3727487284338604,2.7426143923066744,2.9457256564884173,2.6956182260973027,1.7904857606138809,0.9151191766743159,2.8332382582239966,3.2278162199422042,1.9732246085212255,2.6467371998913456,2.1870585611261184,3.186871180265912,2.024531161204773,2.8203504769479517,3.3661044885262275,2.010440451753273,3.5138156843954635,1.30154571297009,1.819537317653511,3.7964276057674784,4.0922437987702995,1.7996559481275634,1.32238758933068,0.8626272438427136,3.4647937744517274,2.5526650976774414,1.8411710964034396,1.774945852917651
1470009600,3.180626081133865,3.7397883674905286,2.532742491383555,3.681363899604093,3.2076885445887275,4.073292010081056,3.1023055770993455,2.5666845055347447,3.0358156726880865,3.579522342960079,3.2752349446172584,2.6658311076627723,1.9562747651639005,2.5131450672036566,2.119015374810803,2.204954377753171,4.183126045781512,1.8446392922848085,1.8574235539727375,3.2837799450809584,2.368905101351979,2.1107402316905555,2.3981366995428,2.919386378032995,2.145576041929209,2.6880635448535286,2.2354307665353743,2.2345912687682707,2.8819383583142093,2.3981618277927286,2.252360185939522,1.8409801248342186,2.702765047827024,2.829659817940755,2.684468607743969,4.001369200080263,2.4358537478071014,2.6492487959728304,3.0239307624128884,2.8102594610002916,2.1604585835978716,0.8517647721353248,3.026557647207961,3.2013043824067444,1.956883203895791,2.4586795567411706,2.323362494114148,3.2719906028157495,2.0126917976889565,2.914536578218941,3.4705698002391103,1.8566782757109574,3.5474407148681473,1.327032900560888,1.8680963983444212,3.686066338157959,4.169302899044467,1.7599576551541611,1.2884009924086297,0.8322708598951696,3.4221763848520754,2.6050812187796475,1.865580561696667,1.8393531707872368
1472688000,3.403827911388873,3.8541655835490896,2.6115214180206796,3.8405397075906538,3.1364753819192868,3.9166269327702463,3.4484305795029915,2.5913303101146385,3.3660475302133173,3.6550642105874833,3.304860185322339,2.640963280165918,2.011693313752113,2.692940819229355,2.2199208688494125,2.548269642710353,4.2780010695002675,1.790816925666419,1.949527201277171,3.329230186535366,2.5516049719137657,2.129147849990183,2.4642723639186808,2.6274477402296954,2.139113463489663,2.4539679208272456,2.258141964453731,2.5815141141478195,2.9023198177082277,2.310271080177288,2.635740643120717,1.8595290429685685,2.6758527358287463,2.8830496258264295,2.7368635174243905,4.054484720435311,2.5809952923655555,2.8437604550016724,3.0239307624128884,2.8257515197709657,2.18329641217713,0.8165678807247744,3.0107117956518983,3.373631326387232,2.0876144408992676,2.6049466125246394,2.2242323610319445,3.2515619414037884,2.0600492517522255,3.0715134136705897,3.6098568825229544,2.0258166693575044,3.648315806286199,1.3338294839184337,1.888091313923031,4.188210105781273,4.1611914148050815,1.8261214767764982,1.378002020657671,0.8955133264525532,3.532981597811171,2.641772503551192,1.9004512264012776,1.8812928196325485
1475280000,3.3019262786825787,3.5807009577421836,2.4929995155782936,3.6545548149352425,2.8054399524375744,3.7908331999332425,3.102782888537013,2.478628867576436,2.985074626865671,3.448235759309655,2.9964865372140577,2.631238622006904,1.846583819933124,2.418133201168697,2.1226007836886494,2.447400241837969,4.015660639534374,1.7134185147109218,2.0809497116617655,3.1640053655468243,2.5184703313043073,2.0397380288266587,2.3239359652099885,2.800379263963308,1.8885252687267977,2.303793580095223,2.1298632147298218,2.3800160370179317,2.698989305968354,2.3153575615474793,2.2339833937371765,1.8417487798994225,2.670262876814434,2.7049632516505615,2.6198666025569914,3.6011145744781343,2.423370378083644,2.618493646359399,2.6595282379321734,2.664642364715178,1.959816901022394,0.9292502639915525,2.8456984953923765,3.2147201039315707,2.0018302447952414,2.5704971020954077,1.9833645300045863,2.999700370451079,1.953633758791352,2.8521637194308234,3.2045327884079513,1.9144494804460896,3.539986714539171,1.2775666432785886,1.9112046874508983,3.702732903831031,4.137477842183615,1.7864468234328892,1.1929228154214635,0.8503293760961278,3.251692968586856,2.448063827891153,1.8052621471096606,1.7560393820299631
1477958400,3.79488992028871,3.729752401288084,2.473307576276727,3.634232916057011,3.217276060245739,3.8317047169136544,3.0258543871683266,2.4680665286521046,2.9618895812201123,3.326122857209313,3.5068771012450233,2.6013947056892452,1.9353085680380189,2.422130115550794,2.1544796440193927,2.3796856106408706,4.470098840308667,1.7085230332403192,1.965767993304103,3.2966283449410025,2.2830413704443724,2.168757602939188,2.2549081642631563,2.855504840025578,2.011408762239843,2.4977972499979786,2.237005724007389,2.36980137591485,2.780529768384316,2.18975046055937,2.5312086521313932,1.753604631743027,2.6779470865318857,2.909615076610966,2.721579070656263,3.547983375838293,2.3791943555664945,2.7352169886933986,2.83335361296042,2.7452013199274967,1.836471781377628,0.8447729672650478,2.940766373857601,3.227976681679742,2.230610844200412,2.5495987516718674,2.0019585724733795,3.4116910002179126,1.9654739633900875,2.8887970149097515,3.5064090655768165,1.9874907256839927,3.750199702338409,1.3930912865537806,1.8197868249719316,3.956571523169671,4.084745281449902,1.7599809445672168,1.2701846557985015,0.8224912119977427,3.3454508261345763,2.442821721193313,1.857639191996788,1.7755176345610122
1480550400,3.850697124998838,3.97932691141145,2.5796440485051852,3.966157264401454,3.2606272294887035,4.1484589735118504,3.4425504362487103,2.8870393059839157,3.106796116504854,3.8320191659107294,3.361992037907201,2.9247037991305476,1.9907615356035782,2.6899233791512946,2.7362688450554553,2.403869407496977,4.2647277303433615,1.8847603661820138,1.9504104308564147,3.23978992520064,2.428635596239332,2.4145091726773398,2.447610775239727,2.9381932041189827,2.0954869420119264,2.4897137637520306,2.181811098015915,2.650704556249585,3.0659213868401847,2.541450343326076,2.5120328290091853,1.9762845849802368,2.6587365622382566,2.8384318331464775,2.8017161667344768,3.6660527061490513,2.5874527474330575,2.9414282268167993,2.7638234629491216,2.8009729043052563,2.0009319409039827,0.8166138683562129,3.1562535650454424,3.290945425983556,2.2878059940517046,2.654090503789567,2.4730076483494687,3.1324907387230336,2.077955907078074,2.7265638492173556,3.7095950213635525,2.2335243938537714,4.153808638912946,1.410080204682485,2.062615522181687,3.8075792900796,4.4254787508062,1.7864468234328892,1.3907131267866804,0.8984134777206112,3.4946110540514046,2.6105691355241842,2.105557204462525,1.8324540650363867
1483228800,3.112948938345027,3.6146152893755774,2.431014130269632,3.495535171500751,2.858574796280141,3.6613614286781724,3.1209030153806796,2.6906050691844707,3.0852984089087263,3.5066197574298656,3.1180138839863507,2.6924694993689524,1.7715329554798867,2.392116347452913,2.0113588846485686,2.361326399049675,3.9549397632251444,1.6953186859094245,1.8940846280079136,2.961208172934557,2.2011838716068954,2.0950234005537713,2.332541526957148,2.661074395098367,1.9511690862455497,2.1293928810524365,1.9574916927935184,2.328009984462953,2.7420220989080732,2.405981177471343,2.2864328789047983,1.8120045300113248,2.568214612413931,2.775935994342041,2.5557670838113205,3.7634123178018832,2.3040165636697614,2.58723166212153,2.7324294410625347,2.502028253101214,1.9411459140245515,0.8098399008811336,2.7405468478980723,2.944423997055576,2.238627083731153,2.374701421338886,2.0817246811007815,3.067297731012208,2.0709936627593923,2.5892429199574893,3.32643706137682,1.971335100120044,3.8259848135251917,1.3150659130542999,1.787401664446645,3.51440329218107,3.905205590439538,1.8372944526831059,1.2342669534280224,0.8488071630310678,3.176762321571146,2.4586056417430524,1.7456913006961936,1.7332003999922496
1485907200,3.2430423268131774,3.5045603994992516,2.2868674590837728,3.326668738094918,2.8028882742746832,3.4643679566342636,2.801138362165446,2.567344365753245,2.929591760234828,3.448754744931023,3.0559150749761397,2.6924694993689524,1.7660141612260551,2.316617658745927,1.9610749125323543,2.0715930985527824,3.5855223128140046,1.709891625902915,1.6180237105654647,2.6276037078824364,2.1578412918565486,2.3400553772267276,2.0924269580056762,2.496810543549085,1.7185793938454181,2.218117584429621,2.0027890212217985,2.2363159369348717,2.6199736375323432,2.197490607499823,2.105423609324835,1.6687082534032862,2.3423954438112156,2.6079653450028735,2.4665766560970868,3.0201678788629533,2.348203182699044,2.528960678740414,2.6373132263420036,2.313137506270553,1.9912694000674387,0.7544662324448168,2.5954776246491527,2.937792411476622,2.0395477241978925,2.200603076665947,1.914939617629799,2.789683587587262,1.9230655439908642,2.328755704670016,3.222123704051415,1.9061353010888364,3.515543063304946,1.141853906603414,1.7333242255541514,3.3964334705075445,3.824184727567349,1.7060591346343126,1.166382270989481,0.7686837730104359,3.007785602338638,2.3333263733739793,1.6936329120074403,1.6050359680065804
1488326400,3.828462574919854,3.9103878059182016,2.5556815215655106,3.772476122286318,3.226724580649553,3.8719406574147652,3.3191571003741243,2.9512134135819212,3.5005161387057884,3.900101842421996,3.2324064268998955,3.1527629983419536,1.9370967830948294,2.702058332671064,2.1489781767561023,2.5013641609565065,4.280896337117326,1.8410480858443319,1.9937732926399092,3.287315908434945,2.4921983356449378,2.7749871358212244,2.4383062775667237,2.836289170084268,1.8284134152565914,2.435896401809984,2.287515085628128,2.5572451032831562,3.112235765081122,2.8313019402132444,2.3150132898911084,2.080107241084429,2.7404495715176966,2.873182159748928,2.6541841074959924,3.645437010033799,2.4933877880809745,2.890240775703331,2.7324294410625347,2.7311744049941464,2.082403011054507,0.9205872377537673,3.071683118357563,3.169897906740012,2.218312863370616,2.611475170094083,2.3102819903017577,3.297514337754846,2.213004656777179,2.959134765665702,3.6393771333530367,2.0902288512945995,4.128036246171917,1.3453359724340663,1.9325568951580767,3.654320987654321,4.342718249949362,1.6273179438050365,1.329922642318694,0.8738457224125151,3.4175541464774692,2.6830643309043074,2.019865481123628,1.774928354592235
1491004800,3.4516033254156775,3.8310618644271814,2.449469931586461,3.3319492409434783,2.903174941797371,3.531768940808911,2.92829513122982,2.5726663874625615,3.1761192655799584,3.38383049612161,2.9956711085612953,2.959135280401533,1.846854027076199,2.393953782842672,1.94008694757014,2.127710901502907,3.767554856897873,1.7792990434449556,1.7919362867098059,2.9682010461508592,2.324026910436769,2.3678269222532893,2.152609431459543,2.6036123073900015,1.7328221077065329,2.005557569167572,1.9490535473419939,2.413011937791127,2.760625362839547,2.4591801068557446,1.995249406175772,1.747840563736228,2.563534391857817,2.7290069594093334,2.5529303467321256,3.3565559022882403,2.1880734234205836,2.6144906398131837,2.7058701871703836,2.2915740346316844,1.916223265044173,0.7278069883074748,2.755783996926121,2.9952420712231453,1.9831050802366752,2.4720415581521666,2.1723835738178408,3.15573590477381,1.8935023284161439,2.3970091980678343,3.319204547425882,1.9173437326587546,3.8335021301884113,1.2491288084119232,1.732221304050274,3.345347867102171,3.861596503558647,1.6148146218859472,1.2711094970038133,0.7804760904151533,3.1905195989061075,2.4208284960147433,1.8140245479595671,1.6714340637074658
1493596800,3.763231559238455,3.7526675899420256,2.465302428634956,3.761988383087938,3.1575369975592413,3.7803009975511257,3.042466699051466,2.751685892060629,3.2791412101756934,3.544745911687831,3.164309457081405,2.957878623277863,1.8029605932180097,2.4241705224028163,1.9257758502432274,2.2603390026555363,4.062719036369772,1.82220865258332,1.9366493669529539,2.922045207733904,2.430122372913887,2.3891723442607926,2.2442036650561774,2.7112245788600853,1.983832091553528,2.4373567147970885,2.1792541462327955,2.3648837646915224,3.008917114688063,2.7000940248458574,2.240513419346264,1.9029013486179776,2.5856570509760193,2.838121004747884,2.638579094476473,4.038724588462808,2.3767494641281046,2.759272823100384,2.859973295430073,2.513640148643441,2.1882933131943627,0.9039256198347108,2.901031407912706,3.162555344718534,2.192698031840731,2.539748808405525,2.096888587375497,3.218061666570992,2.099585405811416,2.900976870168288,3.3735580061347914,1.9198629324950194,4.491280893237988,1.2663194391821466,1.7771519578479995,3.4117714276386137,4.017799457294224,1.7035775127768316,1.3565056905567516,0.8174427790054696,3.3668613089411696,2.6807418627772486,1.8706721328418379,1.8766648730138262
1496275200,3.7075485688862533,3.8928955515164425,2.598091611987111,3.801037443760161,3.3533836443807656,3.6093122971033917,3.096825275202412,2.8575349889675214,3.093091711894031,3.9962293176337242,3.0508651172482946,3.3003300330033003,2.1576927511406123,2.5226107244511646,1.9680423642854312,2.340690937287785,4.27813957106249,1.9003020122840952,2.0734665146634637,3.1951147591159694,2.5242291975364024,2.2567580755343024,2.260187272659735,3.0634549448632615,1.9574907939789385,2.395556162929974,2.098355160309822,2.321364169718642,2.947568154911533,2.435213351285759,2.3237065490586617,1.7948198737183143,2.6709605537282797,2.715948901235005,2.5661858261922634,3.69942741346403,2.4635663115182744,2.943249502358472,2.535496957403651,2.6575432626931854,1.9278686139352161,0.8897401415433934,3.0660088112376287,3.2888097751102623,2.0834853385866348,2.412754921116125,2.3621852989428764,3.3133810658154896,2.1398846117469033,2.8472561387465847,3.400437611495673,1.968684536460802,4.194098185342379,1.3144834164435135,1.8220415947688677,3.6124420107993007,4.352855352198393,1.8812112405615091,1.3112679992261373,0.8705521395876729,3.4975938240078217,2.6149295320679777,1.976868914681775,1.7311729398894184
1498867200,3.4916136441517787,3.8032341220124195,2.4616705028673977,3.877471888328808,3.217447635499893,3.7055620724025475,2.936613828897557,2.765288244358601,3.4811780858116137,4.239809150825146,2.997886522516663,3.0950597326814653,1.9572261116989487,2.4388607599932124,1.9397850707613589,2.333480879890687,4.082266736862092,1.77830755514207,1.949854334411488,2.9436422915696316,2.4108301910119296,1.888850299474169,2.3463607027608475,2.7969592590778745,1.984575901947729,2.4012206874397686,2.0635217007796958,2.300017770556726,3.0343542375627934,2.5744514757420234,2.138673076377126,1.7888182762965483,2.4746434835659272,2.8948556555918517,2.5612902039840932,3.3739025984349333,2.3433808938864216,2.7896323179484397,2.8577558463848955,2.490702514585964,2.0439494554010227,0.7463040985664177,2.8112273391858738,3.1365679534637763,1.9768529958640022,2.513836517294779,2.243396156643289,3.267951813730119,2.1977632441821306,2.668729653532432,3.424163990938072,1.974352511666628,4.222895437436885,1.2584812526780695,1.8728345350688274,3.7038141693939153,4.073713278212074,1.463920196916699,1.3151521468555905,0.7885333280099015,3.1189149547757333,2.529935842489415,1.8742340870317418,1.6771414187494367
1501545600,4.015915610252614,4.100990758185681,2.7219651260422153,3.9273325489905253,3.7343094300556436,3.73456779663889,3.3261829975229196,2.772714797429962,3.2998565279770444,4.4291736443956795,3.0244948346436225,3.0907489160231707,2.048035747533048,2.6600678041021872,2.0346414798730845,2.345387084991445,3.694554735022396,1.7335302520398035,2.0635260309987467,3.1228132862864197,2.493542127575425,2.0039836026630446,2.361522392856322,2.945812272406109,2.1853118595193615,2.4065071954565145,2.2094010497066994,2.226651856134959,2.984832837211186,2.45488322717622,2.352785546904528,1.8009739961407698,2.7101923817292626,2.9393016502585168,2.491361342274485,4.117768169652049,2.3918024119439067,2.7592070178150485,3.0501649316711648,2.5745169295400263,1.8060206739452023,0.8481764206955045,2.939876700693597,3.157554018615037,2.203089184614014,2.5881748856831592,2.264294899798798,3.3331872887268155,2.266141834512631,2.9011682521888513,3.3962112097995094,1.968458879809563,4.066971689543382,1.249877545780988,1.8382144356568215,3.504148153760398,4.220257234726687,1.564560759264527,1.297826752372207,0.8816954528992295,3.3127655270078895,2.5633441782510102,1.9074607100831247,1.7345529731299034
1504224000,3.6991824806717712,3.7757331129393434,2.6201930586360938,3.54581243595966,3.3906552187141994,3.759971546161271,2.947518852636817,2.811123464261087,3.1236387812650444,3.951793883661495,3.0110122581943006,2.87483414418399,1.9686546432907162,2.516159819530607,1.9820798975094058,2.1986040304540264,4.145965540697625,1.7900078857104154,1.9868561821794282,2.917185380627659,2.4790836960884195,1.9158369774782724,2.3437544823945884,2.790626968097813,2.0506119491810484,2.2107236114893554,2.120039188603183,2.133276581082245,3.1084182279587647,2.2780741575267567,2.3283216288825,1.739856955296234,2.506638019375017,2.877557706099536,2.389153670608821,3.3783585290333193,2.093536441993953,2.753406036639995,2.9014781276479193,2.4325855041425135,1.9149698914094084,0.8140118574393903,2.929247408742677,3.1427563259100966,2.0366186461952074,2.310205837258833,2.1384590804625954,3.395345547145789,2.0939505473763687,2.617136282837287,3.18321286155897,1.772313040031406,3.8552812356884134,1.2425657376445016,1.8735243515650024,3.6873773461140824,4.129196913335019,1.5996903825066116,1.2981102569036556,0.923473959282286,3.2692818112495305,2.3935839515895054,1.8718837584140657,1.7594755703584268
1506816000,3.911740770881113,3.8435164232325305,2.7501181691400807,3.7526298753843665,3.505472483428396,3.63179309620525,2.985455473335035,2.818874139557145,3.346110433103575,3.988571098733008,2.9686587502433324,2.9001464819748524,1.9957024052314742,2.624247892918077,1.9409366923707274,2.13413315260494,4.003443822643133,1.6263448620975034,2.1319843501650566,2.876835924211274,2.467641163590094,1.9828477586521502,2.1116310923410575,2.6794237611733056,1.9503029124955453,2.4050988094760894,2.080840826933221,2.3109786690587324,3.2620749386843233,2.4490912255401676,2.232605459992087,1.6998286388966732,2.7389745797254936,2.8437854922918446,2.350974828039048,4.02269150360574,2.1960734960986654,2.765984570750872,2.5070591255240866,2.628393460284634,2.00208834612067,0.7708901075865053,2.923802696534949,3.0272951217018815,1.9171748254001497,2.317738331505975,2.156536270974005,3.384504620891746,2.0001416029453414,2.901840077520585,3.4554329640255506,1.9974003301047114,3.593681110713662,1.2559846420526948,1.7752850915628724,3.4982172287871767,4.077275609384155,1.3781378395435406,1.166515508243478,0.8613733459404065,3.106418820311392,2.5345849034110643,1.9765008412097007,1.7427495735043237
1509494400,3.8463316536452314,3.9283437197918603,2.653614585623426,3.7775396456324093,3.3311146445783884,3.667022195134339,3.188734837565848,2.771360960081134,3.2880227755723976,4.212081171997163,3.054613374147983,2.8657238779191796,1.9511075404567884,2.5325629300532104,1.890562678717254,2.2346315020568217,3.7406322958453186,1.9268007438792922,2.0625014322926614,2.9603271862865244,2.526305386466044,1.9636452063955252,2.288382481000061,2.7739100754698582,2.084641629386973,2.3644641082363504,2.099968805976389,2.330482713897783,3.0578442198250233,2.3781804019704924,2.3625530633183045,1.7457298528992897,2.6366779377683223,2.744039190508439,2.448235128501742,3.6665314949986474,2.210591947399248,2.890619572852103,2.506801731660991,2.470114095746328,1.8888153842644333,0.7622156868035507,2.8071339381554288,3.1081388411882793,1.9328028863189766,2.3401477695683575,2.107863621838204,3.485490554253439,2.2655268234836012,2.7815186988500984,3.2296994425607726,1.9043483891116975,3.8276556441278773,1.2291366936389263,1.8727906265004084,3.5502608190093725,3.93032890436066,1.5688493390257703,1.2664756272106104,0.9061138059242121,3.1734117303642537,2.5393074427619373,1.9141830711016465,1.8420805227160546
1512086400,3.410036041031328,3.8086365629110035,2.71187223042836,3.9614099385577224,3.3106260316834613,3.5984239985119304,2.8863982464971367,2.8405790979841394,3.361854689987743,4.2827046838475065,3.189813344052489,3.01225540780926,1.8901319814701514,2.5060191669158263,2.0421555503057984,2.167143982931939,4.198971961010161,1.7750346873355338,1.9318875992669515,2.7476979742173113,2.7137083952073247,2.0111677532643504,2.4404278266602284,2.801968951154865,2.1169570199460077,2.289776866848675,2.098018930363764,2.330317429761193,3.0160180475932497,2.2075969499542323,2.274692634507651,1.8134822072144459,2.593408262454435,2.8210604023306702,2.391942030581376,3.8901086528176547,2.1537608947554028,2.8526930964827066,2.7694911487404803,2.5517305372552657,2.019981933644728,0.8615003567149911,2.8805824969427034,3.256685425262527,1.9805965943400026,2.4653462596183227,2.1742067830338176,3.5032199452223773,2.1774279206448495,2.8930602781271197,3.457504853142195,2.063904892825455,3.849831621835114,1.202384813031656,1.8570883547655923,3.4067565096744357,4.106241487060332,1.7073170731707321,1.253014398995149,0.8330916794046954,3.3009077496311496,2.4843177442394886,2.0519578955993865,1.7672301270939117
1514764800,3.696208614014175,3.8215120997428347,2.683411358876433,3.8438863341587064,3.302961275626423,3.5450087695879486,3.0080938117392138,2.836460125916306,3.0006470861082635,4.071214492368639,3.2539191252013433,2.8535364697677394,1.8839281813813291,2.374297832863584,1.9383708242403903,2.1616013142535992,3.9438071916484096,1.7027952627853133,1.9459112969689571,3.058362837395202,2.5563761207301097,1.9678344103785042,2.3078925297162853,2.620007130741057,1.9267822736030829,2.386157086005749,2.0391451646569574,2.4718247435735083,2.96945701357466,2.4426494880786285,2.4320162259615383,1.8866019132254928,2.580880231975588,2.5663561258569167,2.2957444662164854,3.5411283194559395,1.957883471308508,2.9741953876855987,2.426852611430134,2.3941945422262916,1.779690642550043,0.8054826519173844,2.7350587646911726,3.0220928816215276,1.8999009797370727,2.340180270266517,2.0204253333087685,3.22003457935157,1.988845938210039,2.891668477192547,3.2492881418205206,1.97978336601245,3.4170837559653466,1.232990225931731,1.7954278308145912,3.7023006386334254,4.071224409732507,1.3842072209476692,1.2736873859242313,0.8715078312957237,3.241909809902409,2.420017891585267,1.8565792527268508,1.8031980031522998
1517443200,3.2042698974079578,3.4934737116103185,2.333174194939399,3.529962578354727,2.8986309968890485,3.1648990069580485,2.712978353489616,2.588019056270928,3.1246780894825394,4.043461434042479,2.797755319458971,2.6497865449727662,1.7289903132908628,2.3353023137154856,1.798716775524866,1.897132208502034,3.567059429528041,1.7162170560423748,1.9455995116926716,2.6978747803841716,2.1920819529906477,1.778182369898346,2.0613907014799797,2.4219082911252436,1.9160672236379466,1.8657612786470432,1.7980991523246848,2.163591866516008,2.8473919101758915,2.2890020282296444,1.8832744614865689,1.6661082373676408,2.3582491327178636,2.426202992317024,2.235858652192638,3.1998738077934954,2.038235793685244,2.587053184731766,2.4581558709809577,2.3218713479220643,1.6648898768344411,0.7639624184101536,2.4958610564458183,2.8597473286537474,1.7772845344077464,2.1810402311624806,1.860573646171701,3.03358032793472,2.3192955951088243,2.668004115758287,3.0584022860552915,1.8070455755915695,3.040624740383817,1.0399438263942735,1.7908640708946748,3.2016789357436712,3.6474018261005194,1.3552560922596977,1.101743920625742,0.8018970874214961,2.8570476618854848,2.211600568402015,1.6636666121202206,1.5846817991108824
1519862400,3.9635977271677367,4.011510397040183,2.777702866697231,3.959316007959033,3.3400174689679787,3.631106592400686,2.9930395909088015,2.9371781958541416,3.5174413616787636,4.389080429898877,3.0599953371499624,2.8637839216186265,1.8920805252022945,2.3914722452003936,2.031545311324489,2.074330164217804,3.650402144772118,1.744616781779509,2.1965952773201534,2.857656428259618,2.489098612775314,2.0436504326838514,2.3735320817119496,2.727204130690209,1.9463528441242053,2.274274274274274,2.038431659572283,2.375236764005794,3.111656402101882,2.32535045762235,2.432930652118989,1.8442143509237128,2.6278567988684673,2.6016031500492196,2.378931038484326,3.5285496871653232,2.283277352153074,2.976362147133809,2.68730058523435,2.4518215519133792,1.8146432638173746,0.9433141771423602,2.685636839442636,3.1094015800366543,1.9782155048671333,2.2372763592148686,1.774410422972782,3.3713389366235114,2.100753556823614,3.194557879392517,3.441314123153161,2.0311287598703727,3.572585804371848,1.221641360049665,1.6607759996863287,3.776054237869962,4.11020794933409,1.3786412724348336,1.3717003914364534,0.9205240131909131,3.360917567978409,2.494886257980537,1.996130368432527,1.7830205624181328
1522540800,3.740544734144247,3.540816990442534,2.620151275204506,3.745557828989876,3.192284390098382,3.3076372669465792,2.71723567405899,2.627093575241932,2.8402272181774544,3.786282805312339,2.9273909991622165,2.8340001568996627,1.8262898512800385,2.249225114518474,1.770639342244154,1.9442830876175572,3.53208452998414,1.733714782425959,1.8672926542993458,2.8243303219369773,2.2874394569414997,1.9389004011100197,2.2292708173703857,2.5681474342753465,1.8443045810978123,2.3919425933777587,1.9114449369159023,2.126313124920896,2.84118425725632,2.2636980632345645,2.2068449597905366,1.7841090462125522,2.6762191770436496,2.304370387960984,2.288755496827785,3.162737205290397,1.9803349595131514,2.850535147636206,2.5919989086320383,2.3427672470012264,1.6419690928801134,1.035293489005851,2.6367769536332926,3.0622179536095357,1.873826345355042,2.224013788885492,1.7503024645486982,3.2124567103908417,2.117706741858037,2.8213409120268698,3.0973772929817,1.9466200288951412,2.957694991858031,1.1073846737961146,1.694497504467312,3.496391081389553,4.160438664503185,1.5789741761320226,1.2248681671048425,0.8196440542775629,3.121792315979673,2.3480477660002683,1.8333395691822072,1.6041205482009053
1525132800,3.8227499792241852,4.001958186554926,2.6160965066057407,3.987361577985726,3.512071015735184,3.578928887358277,2.983973074255757,2.872875269332057,3.438015773753434,4.454034593771275,3.2098525989138866,2.945284359608929,1.9012131810183743,2.556243222823768,1.9436625613443972,1.9420362129814337,4.021757752270002,1.8460066953610712,2.009377093101139,2.843966179861644,2.412374059883638,2.172755223085676,2.3616675627706383,2.6510935088540073,2.1522005283845607,2.4554696185623914,1.9299882341248857,2.3941366429446354,3.1742958669619123,2.2196044392088785,2.2787978407456526,1.8706071679099174,2.801322193749905,2.401794747723573,2.4758513025661046,3.4782314574184436,2.2246521624373137,3.002080726027502,2.631825498897018,2.626086629521225,1.9440970145195497,1.054136028817363,2.7154004670114698,3.2015567323084424,2.0577702933528395,2.2363751276192327,1.8225107693818188,3.3926518169906665,2.116121426466254,3.1176285376567203,3.2244724606580824,1.9722067055027988,3.453743908210114,1.185832631049495,1.8725228957209075,3.5838360696104634,4.309621759795502,1.4741390265599188,1.2658112575242915,0.8642259424469593,3.113916747272141,2.4794836900490735,2.044788337233829,1.6996275965925887
1527811200,3.8761120750119984,3.586670454117654,2.6814609338881183,3.8668329965265764,3.1695137007757928,3.3006196255247917,2.9120596145653854,2.74607276388703,3.3029281399209363,4.278950676731619,2.9945729422406,2.8342617702632587,1.8182511037437459,2.4570985891246,2.036414968564968,1.973785068220144,3.5195155641274547,1.8460508381357756,2.0908890460223692,2.709987455793559,2.387304720632915,2.0138855290531716,2.2974687385307173,2.567697505895498,2.112354051147304,2.439414540510277,1.7903697962373413,2.392755969243221,2.9714866303260976,2.2426247382571955,2.2578418017950783,1.836930082135053,2.757283318435923,2.2722268704038044,2.4770726059535053,3.5110262002581143,2.022092300349784,2.869231329858035,2.647056320166143,2.3044937628375335,1.8659842840644036,0.7749535027898324,2.6880966842654455,3.0291780151327483,1.953046511440995,2.0963196401549333,1.913101063242706,3.430457249554909,1.9438635761199305,2.8846401940294655,3.1487271103171057,1.9558323680762586,3.4755055657857628,1.134117278718064,1.627871851242721,3.4317786983830003,4.092557210040726,1.5597854343939028,1.221752654204588,0.8361796857235767,3.157546280970691,2.5750100425391653,1.9263248570517733,1.764974638493034
1530403200,3.5230752204227693,3.7829166766427127,2.6682810023790884,3.7069150938323383,3.1027783830565596,3.48414427662689,2.59865683116355,2.6934248745708995,3.300367657536979,4.14885157483491,3.0174333421543507,2.8206745176255494,1.6911456832282936,2.4703808373496567,1.9953511452375363,1.9909640860709088,3.7218882066139365,1.678044862601113,2.1124459540580998,2.5215796051717967,2.352375344146655,2.115366018760275,2.25948216829386,2.359995923643405,1.9825688427719923,2.48591183405939,2.0026616845391962,2.3720652646698825,3.1190686315993092,2.3067432004720767,2.2444703143189755,1.7348793137385048,2.678916022793488,2.294124394483513,2.4508908455421192,3.5082186921045375,2.152399957328514,2.832817752835693,2.5167285929276524,2.3890710177192034,1.692292377444548,0.8192279905046961,2.6210851043297705,3.0726201965689075,1.9167865495431056,2.1656289694521367,1.8126370194368577,3.3164117293433972,2.1018545775684423,2.7609368641732384,3.379263811207335,1.9779276936451953,3.962267278966827,1.1217975430466893,1.8468770987239758,3.4436916374353306,3.9580202723978903,1.6202736743503077,1.259548802974473,0.8218816196938493,3.146550259877025,2.3720336715582357,2.0423646721716797,1.6832227174017318
1533081600,3.4561256370791598,3.91729248775419,2.7630394206505318,3.9283627792663025,3.434445030480699,3.3325695492775504,2.8183497419686545,3.0408401728773957,3.3032622562420264,4.468578865234343,2.9753270280899238,2.900503925934607,1.8466217684119048,2.4478227261015206,2.0505114539065374,1.9988618920327657,3.6098772385719236,1.788113349174551,2.185593297513887,2.735603384989609,2.4213000471321764,2.1309090470067678,2.22295453494288,2.591894439208294,1.9435220222925844,2.4349158956099664,1.7611880188073143,2.461833990496411,3.144033783266977,2.616463530206762,2.259540281187235,1.88415208582953,2.7396016225706847,2.4548761965313837,2.4942131213860512,3.139328813750036,2.218921002651422,2.9824460652003286,2.5146332968031877,2.420883403499334,1.9935357005628012,0.805168537878349,2.6017705717056674,3.1449840947102614,1.988151420825384,2.1694680298041935,2.0118632666788963,3.66240443361266,2.254147808532802,3.0826553035566335,3.270031029084893,2.032790118212813,3.887341688216962,1.129240489860188,1.891665757211976,3.5213989630399722,4.378632274500438,1.6027056700445477,1.1974780386761217,0.9911651697217395,3.1653502491916674,2.7596201282683768,1.9377747717281033,1.7410455849260282
1535760000,3.414602718796881,3.494425315625514,2.558572764727253,3.4524524490939403,3.1223763152895314,2.979862333056922,2.525717259279473,2.7967058674537304,2.9129306813526923,4.06150943179138,2.598657199439694,2.5597893659036055,1.7090956442476724,2.2733299018919726,1.8404492155932453,1.7530283923726544,3.123495246577152,1.505232474793329,1.9249715801439942,2.409612201897069,2.210455021242534,2.0147183013632524,1.9865481484908598,2.329146923228967,1.8262726033387353,2.168695832436354,1.826064193179714,2.2635751350313513,2.87670791959702,2.259166289453109,1.8297156974746207,1.6079667443241512,2.5599140897368997,2.2523716148179553,2.5046430123803525,3.4113389083715497,2.1850054781655963,2.528623946566083,2.375619357904025,2.1521363623585414,1.730330479568095,0.656932896236805,2.493517785333892,2.8889143643242003,1.7872131924447066,2.042356394652488,1.7820851616998166,3.4248402630490755,1.8356936509710933,2.499151522631206,3.0158023592254617,1.9284685913465183,3.1720265356997923,1.0505570123427923,1.703915928955938,3.320871196498184,4.1458315114994155,1.4217770955484534,1.0843267961616638,0.8483671987501865,2.9689723278187183,2.3396133481098382,1.7730735977520806,1.5483956940404877
1538352000,3.4151370657436897,3.6627158081037576,2.7179901564680815,3.687313159916657,2.9850746268656714,3.4481597467757683,2.5818320223293583,2.807624918198899,3.2236606457555133,4.738873137375562,2.827342137380489,2.9247035081818575,1.7359321684505176,2.4198073506031976,1.9914036006870872,1.8010099031658602,3.6306147755794282,1.7787839586028453,1.9541901472459553,2.61597741769286,2.3431173621609633,2.1758916032282762,2.3159230525192522,2.5135013981685055,1.8576965847951725,2.4580613238415987,1.9644482775142542,2.3959965627053528,3.2388892018250437,2.4323990616125446,1.968138438115043,1.7501690763859696,2.685877046517426,2.2870815080663602,2.4521273039969373,3.3040761510884336,2.1411533428913088,2.739621197627703,2.433275680808492,2.2986495433932563,1.7444514242587212,0.6489751333290497,2.680290701285794,2.9479393903661335,1.9849686647083777,2.197619361234549,1.9765257070349673,3.7134236100472253,2.1848462362931818,2.7213334019239674,3.1995459426975223,2.0163047803857506,3.597925609786357,1.196741710634749,1.8389472305733336,3.496670977630885,4.381065211082267,1.6955325856243955,1.1622185393478897,0.8599436773432854,3.2762245733730757,2.6052484473642363,1.9011406844106464,1.6478543864348862
1541030400,3.388769176934269,3.9214748571291933,2.5277826642293886,3.6850460295139293,3.1385433971054297,3.0177431184018406,2.454322334333242,3.017148811975652,3.27766416723472,3.8914979105472804,2.7757139502944574,2.738711343722893,1.64309574421934,2.327536547772882,2.003115378403864,1.724821664906807,3.2906639648882323,1.7101487829441162,1.8854494790404652,2.4680188901152587,2.360486623396208,2.204049187633237,2.163789723143678,2.4354369397695654,1.907587961000424,2.3780074212983284,1.9577033871781602,2.4256022315540537,2.996721707125762,2.169242041310271,2.1051655383473986,1.7596943159588279,2.6197943367208465,2.381412678605951,2.438824383384408,3.3081895946484847,2.0779610945597473,2.7073327419009448,2.3811137850388095,2.1349647293838565,1.8170230653450317,0.7049519671364208,2.555440324413615,3.0596667780463993,1.9884135900267255,2.1420401372569415,1.832139389164728,3.744508774321846,2.055674013688786,2.7175448600387337,3.1766165417716725,1.9551082887497913,3.442226855989144,1.1242003407065557,1.772690578107964,3.681239235365413,4.28899647817342,1.4797908227887786,1.1921325289205316,0.799687879397375,3.32847230685825,2.5065097492465083,1.8178261632063892,1.5557496226295053
1543622400,3.269027119112298,3.7820164604835633,2.6114829111562856,3.548037680294306,2.9687045235213922,3.359383406865383,2.516002281513404,2.864149921007169,2.996560765485068,4.545062774729222,2.733135494148328,2.8050081082265628,1.7125978917703168,2.313087018722398,2.0253085471665195,1.7049117696220062,3.257481363039068,1.7129869082247098,1.846694114797772,2.5907109661403465,2.40568751288212,2.1553540680802907,2.1143100740151577,2.385275185151662,2.0366991339209988,2.3303326310413075,1.866773035500599,2.4502003101903065,2.898445854137019,2.2502139143026394,1.7232753349268999,1.8596787827557062,2.62173554372761,2.187722396478558,2.27894810310192,3.5319418942214282,2.0895895895895897,2.8011846756472725,2.4154589371980677,2.177113484379678,1.7309795626903852,0.5756978737558528,2.606631394392639,3.139403938822544,2.0120241442897315,2.1066929079292036,1.8192584995390806,3.8567328390337243,2.0672352054278176,2.619279954804581,3.1349182086499283,1.9763519269431284,3.5492090806803893,1.1551247173718284,1.8014722185268948,3.2316312169733665,4.301989322486335,1.562597662353897,1.067651077151362,0.7944960021637336,3.0904891874868787,2.534211860111505,1.7849444983295615,1.635810534735347
1546300800,3.51668584579977,3.276235506330411,2.442193173289036,3.6080866745579576,2.857282855690373,3.163035842137284,2.31421307245072,3.004545518512786,3.1136923059472092,4.073893182405838,2.592269390688363,2.741940982520735,1.619718309859155,2.3106257718266763,1.9624224726002615,1.6896164952390045,2.783644917404368,1.5945784333266892,1.8911456560384279,2.46901120606692,2.346825787401575,2.0881852045759537,1.8913111278337476,2.3403259435768695,2.01133544962665,2.3378654410825996,1.8207327572462613,2.6011940238198656,2.965653870419411,2.085587234725233,2.1563691555917526,1.7261535089321598,2.808185144474726,2.4176249252734117,2.4238563281155203,3.278835788717212,2.23927742645725,2.7433689181650767,2.547932450162949,2.141828317028003,1.9114324446452775,0.6206133195134903,2.5248530529319626,3.1546154248913556,1.9919521931473643,2.1890933274218582,1.9228069318715935,3.753479442226311,2.119754344024353,2.532686034265752,3.0881683162817564,1.9981683456831232,3.3594532200276372,1.0982011825771778,1.7296290444631084,3.617063623698004,4.18459924414931,1.3735920681301668,1.096696052496791,0.8020385749243724,3.1409567320612735,2.5011380433837482,1.8915043854630147,1.592880516647332
1548979200,2.797099849103824,3.3093132065161717,2.3063433973772494,3.2675029239962066,2.534636977537238,2.891357494022513,2.046739157985451,2.595463397627106,2.894888906513784,3.337469267709841,2.470203767781622,2.2634125446598072,1.3901735823745462,2.098550409818578,1.7396097969415119,1.5500400625739248,2.9628497690844875,1.5404741816527157,1.8520338355242771,2.3450875451393385,2.1219604454271757,1.7758353951083257,1.749062491054304,2.124044180118946,1.7859896181322923,2.042281611487834,1.7847581652686062,2.2318723490203993,2.8386050283860498,1.9607037158829332,1.5716147879706757,1.5739051094890506,2.530284459616961,1.9777959441997837,2.000891306127275,2.946739783232209,1.9821667521228565,2.4276384345549142,2.021928191939359,1.991224899348099,1.5799000600362023,0.6197726648307765,2.2223324262167035,2.8780460683601343,1.6717325227963526,1.9040365575019047,1.7744118830717448,3.4162212409946537,1.8061798413856405,2.3635438771368236,2.8517215743278475,1.8272060770679956,2.91344904361069,1.011326528769449,1.6000177164591443,3.1593399311942414,3.6346302806411246,1.4692698475943822,1.010857694702925,0.8856010415438339,2.8574065993085163,2.2554199121357956,1.6230002318571755,1.500595485828589
1551398400,3.3035796447961716,3.640561179186647,2.342259861142901,3.7371910789632308,2.762430939226519,3.162092486170042,2.369578164400573,2.8164353082412417,3.010803805384358,3.76019702284248,2.611283561073955,2.612083683962195,1.5776535105492069,2.2439512144077947,1.8735496880448819,1.6927896696914355,2.888077456456189,1.5642256845857407,1.8430255833100435,2.3906270191106573,2.2137702659906475,2.0294021719435147,1.8043665670923634,2.4815079933190165,2.015404364569962,2.3699518827951067,1.8086695134105846,2.3943505450430873,3.153397123427815,2.2306115490631844,1.8104061406020526,1.7820924773820104,2.6028951104634124,2.128183481074996,2.3069866576244076,3.127210662833915,1.962217931172394,2.6358854248124173,2.3592683731195616,2.1205638644707467,1.6916428332987485,0.6772384006951278,2.4278383877171192,2.973953397169842,1.908091588396243,2.297800478939135,1.9087111626063358,3.7006524310030944,2.1412898329911583,2.511620740132001,3.256443542034196,1.9219419180072335,3.5916151509885217,1.0137122240221863,1.742131373297274,3.6219221604447975,4.1795954691913755,1.4641833455348607,1.1336675196737922,0.8117994327011065,3.1111632899503556,2.4942371876453473,1.7285359468349335,1.559149141820723
1554076800,3.1542550256570596,3.4349946050780558,2.209814016861759,3.488391556887229,2.6092489156169503,3.1203969950241413,2.406037888765069,2.897418023841208,3.097427665455202,3.3927689817100473,2.6368526526737677,2.4980438469875246,1.479761293981044,2.326688785050347,1.8750129848544665,1.425268727506733,2.9235801569411723,1.6978814423455426,2.0293616186610737,2.3230052805351513,2.299373512938588,1.9104262413264845,1.8281640419044998,2.3990975580046707,2.0783886073513376,2.2751403003185198,1.7218387073160637,2.454384308100983,3.040098823265178,2.2507814072312513,1.752379546963772,1.7269425825765614,2.7000537006507916,2.199252254233561,2.281115749984873,3.3111467792082436,1.9163186706865665,2.7033519276157505,2.238969904864901,2.050251381352979,1.9075019390681653,0.6762533015196558,2.3247823031751373,2.96270648300282,1.9157854320316126,1.993203728951976,1.8610951782380012,3.4668951363844664,2.0344085515716688,2.445025451893097,3.1330752936218356,2.008753778235096,3.2104322499503537,1.030919359744819,1.6753938281366636,3.471046393498136,4.052600451700226,1.5232198142414861,1.160071888392669,0.8186115292191499,3.0022474925363123,2.4628779904550706,1.7261894786237408,1.4757146511019728
1556668800,3.0780822169542605,3.8612806751607995,2.5280298170042457,3.6810226550212497,2.888627367069647,3.317088877187216,2.1336811381321117,2.8686476174385604,3.2540902106119507,3.775446971609558,2.6407129605681208,2.597717892692401,1.6091407836191627,2.4866098188216643,2.046751009756439,1.562358589876107,3.0565892358950264,1.6323819014401972,2.1857758750640657,2.4531308754275067,2.246217382219545,2.178832313943927,1.9631669752325702,2.2905568751091057,2.024784386093063,2.3694224831866735,1.9276648535165568,2.570174862780939,3.1940175290246824,2.221264190839851,1.5934566957418783,1.8581096466859155,2.8333927532696603,2.7356050876976936,2.2134062265657133,3.468344342614054,2.2961539421469035,2.8578069570452573,2.051290709256977,2.2733916764630875,1.982687532950915,0.7133349043685394,2.4365281329330166,3.197089636073883,1.9413511804215728,2.109296117511999,2.1591553676968394,3.4955865315349692,2.2047281129291134,2.6238767650834394,3.2972026421953275,2.0342956534891203,4.245037113043767,1.1642975076139797,1.7138576447725962,3.398573973160251,4.277947537600698,1.6071803874541026,1.1533886799706847,0.9240347437063633,3.3590398429931936,2.665318689398465,1.9925455355259147,1.6176770330052044
1559347200,2.9577102546202747,3.362394434469152,1.9941093551233715,3.419386785508759,2.6573729882617423,3.007987766845736,1.979960021254523,2.5725577417799563,2.838904848714028,3.2219043633299136,2.4081551936411945,2.4267721503628024,1.5319635565289158,2.1786071592739518,1.7129411276905622,1.3658146584749513,2.5284343156737554,1.4323793623540348,2.0717347576823695,2.2271635174860975,2.101376032638916,1.9855909682605388,1.8743068074020797,2.35550109852966,1.9973752440702928,1.8901631761121656,1.6079418344519016,2.313061220367059,2.8556895508997626,2.1074599151264684,1.8026635273342655,1.6837161891586878,2.6933854504668404,2.200975472329336,2.1149633658131277,3.4568871180448375,1.9020654559968069,2.471571218572201,2.0161290322580645,2.038596600267255,2.1986438692527766,0.6427921362973898,2.326422037055918,2.9181260016777584,1.9129028901641574,1.9708180623746627,1.6581018391519295,3.2104274151245336,1.9227150853756059,2.484497556568518,2.8305858371000623,1.8890664611362353,3.745844840987646,1.0215159889459136,1.5950594622686889,3.3451438649480685,3.8259642222786083,1.4936243226228536,1.0894815508454738,0.7340100938381532,2.9201612801718535,2.411395244504262,1.7423525438012708,1.5719030927480195
1561939200,3.1207835002340585,3.4011168762941812,2.2594852502637974,3.4014174244881996,2.820202908105335,3.170932005966446,2.144036227255191,2.5865618434619813,3.1740841385997953,3.713211698908958,2.551824984947099,2.570532003123439,1.4335681295169522,2.3538854545314223,1.819555955875121,1.4458771099580028,2.5763725519181304,1.4843901906943437,1.8746047520101183,2.3340434353688,2.201466416123208,2.0432497857883294,1.9027641661365287,2.4484196084639334,1.9642971399321767,2.303284371936592,1.8575202580841816,2.408190878156648,3.029878524685305,2.22059561309,1.424056447760097,1.7507241631765866,2.749128005100702,2.333917546656333,2.251864731149689,2.910008410428932,2.1930507703713857,2.7922865936005654,2.1990984538905507,2.0502624957286195,1.8592548574721341,0.6358208765426606,2.2505140062853863,2.775829731713284,1.9918247194246903,2.06604431976009,1.9797517086780123,3.4402338164699944,1.962581676303295,2.3348180381370716,3.116816971428255,1.9341263755151685,3.924160436201412,0.8909558919193099,1.6594664262284196,3.1379539485481027,3.790264130318548,1.7003449975357319,1.1067587265976018,0.8852933343889678,3.140455617972811,2.527607487017984,1.8536269300264183,1.6117478510028653
1564617600,3.2379973949256087,3.6079661710544277,2.191772423517871,3.7373305164068147,2.8854747154940235,3.233242422820997,2.2244691607684537,2.803998072031438,3.1308069148037614,3.6011794005667994,2.7870396294128135,2.548202693537448,1.6793695904921844,2.3941430240223913,1.9391971206801144,1.566713509818072,2.9165716987025263,1.51027987670797,2.137138041057131,2.449011648870278,2.1510061553756743,2.047708004023566,1.9231266020075148,2.228098268088155,2.1020215185667914,2.166674632382227,1.8453577520879174,2.61333710030573,3.099095064241241,2.391194487926933,1.8340883663774916,1.70801951503148,2.690650178002624,2.1763073263139345,2.1104170184028357,3.3094596789096142,1.8540986156478458,2.918476464083359,2.1049972635035576,2.2141319920365667,1.9878033423878825,0.6991318054125515,2.398355061361513,3.2021108523217747,1.8952494812054428,2.2364106988783434,2.032792472581647,3.543181697542332,2.337313029639243,2.5835157343284654,3.196301580455003,2.090652819551,3.415029437057617,1.0850619293324557,1.5444357412322824,3.703645166558667,4.07110386655958,1.5875359964557332,1.0870704499513366,0.8720699770090643,3.2764573934521257,2.5595489494654458,1.8055231686598487,1.8069134827506292
1567296000,2.9800110031175495,3.4448684748534824,2.1100197215999392,3.5020885547201335,2.6941855574586877,3.077242469294546,1.9961088511003866,2.476823754991468,2.953470186828085,3.421698604427609,2.4099296732923827,2.237190630916812,1.5049960493853705,2.161358303892371,1.787282400950463,1.4317070973797867,2.6526541301698283,1.4759201959034909,1.9991432243324287,2.1643941122774986,2.1428242976042666,2.0996590297302142,1.7222820236813778,2.2251446607048924,1.8710686803537788,2.0066250477767875,1.7168306419426156,2.3547920269868237,2.8366867498761446,2.0931341908741,1.4831769283588923,1.7118311598677758,2.614408461993692,2.255407250781904,1.997348918479243,3.274137670493024,1.7968055408757724,2.6768323012024866,1.9506289096657021,2.0570012391573735,1.6189962223421477,0.5911856132120449,2.094537569227547,2.78896909028189,1.8757824092405284,1.8834470530607734,1.8587812226649825,3.2871932146494047,2.137279079325935,2.3374426532024497,2.9593966364469573,1.8101799997737273,3.196339489246424,0.9920372913585461,1.4812476812244242,3.1047402542729645,3.938922965581881,1.4236098327258446,1.1288097328483635,0.7977202500804929,2.9572873609570856,2.404823883510941,1.6961892282006423,1.4984858008113828
1569888000,3.3471498789523872,3.6408345651092926,2.1897278371548117,3.380861384683227,2.7569105542456427,3.1273413250561917,2.1784428869104002,2.6418081083457934,2.9862497539577646,3.7705405776536827,2.74373281192872,2.502480698952056,1.5586034912718203,2.326495081234737,1.8952451037349753,1.7493291867752612,2.7817232353970067,1.6384952210556054,2.0668144752170154,2.222103899330884,2.265786924048615,2.0982281628846757,1.8904186376402083,2.292625213619035,1.8507409345603527,2.3091745895243094,1.7740887994804455,2.490258250870834,3.01222868968052,2.273605617820463,1.7669300277398858,1.7214752906976745,2.6643914559851516,2.4126616483304377,1.9338164862373708,3.552884830580547,2.034164002139916,2.8505816932683,2.20319884290015,2.1700031884497633,2.043360653155282,0.7416375610900171,2.2980078797642847,3.0308949441677244,1.8505519749856423,2.0925269853108746,1.8230875811273979,3.342797414549948,2.2027854956854775,2.5073194242907464,3.258966300078989,2.018707951445357,3.4526621842631293,1.013961849077051,1.5313427720068327,3.3293973159692727,3.979918423540861,1.6937087311912415,1.0849284364512115,0.8549580401878041,3.210459777762991,2.451416684891237,1.788676811367739,1.8127587359543342
